STATION,NAME,LATITUDE,LONGITUDE,ELEVATION,DATE,AWND,DAPR,MDPR,PGTM,PRCP,PSUN,SNOW,SNWD,TAVG,TMAX,TMIN,TOBS,TSUN,WT01,WT02,WT03,WT04,WT05,WT06,WT08,WT09,WT11
USW00094728,"NY CITY CENTRAL PARK, NY US",40.77898,-73.96925,42.7,2019-05-01,2.46,,,,0.00,,0.0,0.0,,56,50,,,1,,,,,,,,
USW00094728,"NY CITY CENTRAL PARK, NY US",40.77898,-73.96925,42.7,2019-05-02,2.68,,,,0.01,,0.0,0.0,,78,50,,,1,,,,,,1,,
USW00094728,"NY CITY CENTRAL PARK, NY US",40.77898,-73.96925,42.7,2019-05-03,2.46,,,,0.06,,0.0,0.0,,56,50,,,1,,1,,,,1,,
USW00094728,"NY CITY CENTRAL PARK, NY US",40.77898,-73.96925,42.7,2019-05-04,1.12,,,,0.11,,0.0,0.0,,71,53,,,1,,,,,,1,,
USW00094728,"NY CITY CENTRAL PARK, NY US",40.77898,-73.96925,42.7,2019-05-05,7.16,,,,1.31,,0.0,0.0,,58,51,,,1,,,,,,,,
USW00094728,"NY CITY CENTRAL PARK, NY US",40.77898,-73.96925,42.7,2019-05-06,4.03,,,,0.00,,0.0,0.0,,74,51,,,,,,,,,,,
USW00094728,"NY CITY CENTRAL PARK, NY US",40.77898,-73.96925,42.7,2019-05-07,1.34,,,,0.11,,0.0,0.0,,70,52,,,1,,,,,,,,
USW00094728,"NY CITY CENTRAL PARK, NY US",40.77898,-73.96925,42.7,2019-05-08,4.47,,,,0.00,,0.0,0.0,,71,55,,,1,,,,,,,,
USW00094728,"NY CITY CENTRAL PARK, NY US",40.77898,-73.96925,42.7,2019-05-09,5.59,,,,0.00,,0.0,0.0,,61,53,,,,,,,,,,,
USW00094728,"NY CITY CENTRAL PARK, NY US",40.77898,-73.96925,42.7,2019-05-10,1.57,,,,0.04,,0.0,0.0,,73,56,,,1,,,,,,,,
USW00094728,"NY CITY CENTRAL PARK, NY US",40.77898,-73.96925,42.7,2019-05-11,3.13,,,,0.04,,0.0,0.0,,69,56,,,1,,,,,,,,
USW00094728,"NY CITY CENTRAL PARK, NY US",40.77898,-73.96925,42.7,2019-05-12,8.50,,,,1.32,,0.0,0.0,,59,43,,,1,,,,,,,,
USW00094728,"NY CITY CENTRAL PARK, NY US",40.77898,-73.96925,42.7,2019-05-13,5.59,,,,0.70,,0.0,0.0,,48,42,,,1,,,,,,,,
USW00094728,"NY CITY CENTRAL PARK, NY US",40.77898,-73.96925,42.7,2019-05-14,2.24,,,,0.30,,0.0,0.0,,52,44,,,1,,,,,,,,
USW00094728,"NY CITY CENTRAL PARK, NY US",40.77898,-73.96925,42.7,2019-05-15,3.80,,,,0.01,,0.0,0.0,,69,44,,,1,,,,,,,,
USW00094728,"NY CITY CENTRAL PARK, NY US",40.77898,-73.96925,42.7,2019-05-16,2.68,,,,0.12,,0.0,0.0,,73,52,,,1,,,,,,,,
USW00094728,"NY CITY CENTRAL PARK, NY US",40.77898,-73.96925,42.7,2019-05-17,4.92,,,,0.03,,0.0,0.0,,76,60,,,1,,,,,,,,
USW00094728,"NY CITY CENTRAL PARK, NY US",40.77898,-73.96925,42.7,2019-05-18,2.68,,,,0.00,,0.0,0.0,,75,56,,,,,,,,,,,
USW00094728,"NY CITY CENTRAL PARK, NY US",40.77898,-73.96925,42.7,2019-05-19,2.91,,,,0.06,,0.0,0.0,,76,60,,,1,,1,,,,,,
USW00094728,"NY CITY CENTRAL PARK, NY US",40.77898,-73.96925,42.7,2019-05-20,5.37,,,,0.00,,0.0,0.0,,85,66,,,1,,1,,,,,,
USW00094728,"NY CITY CENTRAL PARK, NY US",40.77898,-73.96925,42.7,2019-05-21,5.82,,,,0.00,,0.0,0.0,,71,56,,,,,,,,,,,
USW00094728,"NY CITY CENTRAL PARK, NY US",40.77898,-73.96925,42.7,2019-05-22,4.25,,,,0.00,,0.0,0.0,,74,54,,,,,,,,,,,
USW00094728,"NY CITY CENTRAL PARK, NY US",40.77898,-73.96925,42.7,2019-05-23,4.03,,,,0.48,,0.0,0.0,,72,55,,,1,,,,,,,,
USW00094728,"NY CITY CENTRAL PARK, NY US",40.77898,-73.96925,42.7,2019-05-24,7.61,,,,0.00,,0.0,0.0,,73,61,,,,,,,,,,,
USW00094728,"NY CITY CENTRAL PARK, NY US",40.77898,-73.96925,42.7,2019-05-25,4.03,,,,0.00,,0.0,0.0,,71,55,,,,,,,,,,,
USW00094728,"NY CITY CENTRAL PARK, NY US",40.77898,-73.96925,42.7,2019-05-26,4.25,,,,0.20,,0.0,0.0,,86,59,,,1,,1,,,,1,,
USW00094728,"NY CITY CENTRAL PARK, NY US",40.77898,-73.96925,42.7,2019-05-27,3.58,,,,0.00,,0.0,0.0,,80,64,,,,,,,,,,,
USW00094728,"NY CITY CENTRAL PARK, NY US",40.77898,-73.96925,42.7,2019-05-28,4.25,,,,0.17,,0.0,0.0,,71,62,,,1,,1,,,,,,
USW00094728,"NY CITY CENTRAL PARK, NY US",40.77898,-73.96925,42.7,2019-05-29,4.70,,,,0.80,,0.0,0.0,,70,56,,,1,,1,,,,1,,
USW00094728,"NY CITY CENTRAL PARK, NY US",40.77898,-73.96925,42.7,2019-05-30,2.01,,,,0.95,,0.0,0.0,,70,57,,,1,,1,,,,1,,
USW00094728,"NY CITY CENTRAL PARK, NY US",40.77898,-73.96925,42.7,2019-05-31,2.68,,,,0.00,,0.0,0.0,,80,63,,,1,,,,,,,,
USW00094728,"NY CITY CENTRAL PARK, NY US",40.77898,-73.96925,42.7,2019-06-01,2.68,,,,0.00,,0.0,0.0,,80,63,,,,,,,,,1,,
USW00094728,"NY CITY CENTRAL PARK, NY US",40.77898,-73.96925,42.7,2019-06-02,3.80,,,,0.86,,0.0,0.0,,81,61,,,1,1,1,,,,1,,
USW00094728,"NY CITY CENTRAL PARK, NY US",40.77898,-73.96925,42.7,2019-06-03,5.37,,,,0.00,,0.0,0.0,,70,58,,,,,,,,,,,
USW00094728,"NY CITY CENTRAL PARK, NY US",40.77898,-73.96925,42.7,2019-06-04,3.80,,,,0.00,,0.0,0.0,,70,54,,,,,,,,,,,
USW00094728,"NY CITY CENTRAL PARK, NY US",40.77898,-73.96925,42.7,2019-06-05,4.47,,,,0.00,,0.0,0.0,,81,64,,,,,,,,,,,
USW00094728,"NY CITY CENTRAL PARK, NY US",40.77898,-73.96925,42.7,2019-06-06,4.70,,,,0.04,,0.0,0.0,,83,68,,,1,,,,,,,,
USW00094728,"NY CITY CENTRAL PARK, NY US",40.77898,-73.96925,42.7,2019-06-07,2.24,,,,0.00,,0.0,0.0,,81,66,,,,,,,,,1,,
USW00094728,"NY CITY CENTRAL PARK, NY US",40.77898,-73.96925,42.7,2019-06-08,6.26,,,,0.00,,0.0,0.0,,81,63,,,1,,,,,,1,,
USW00094728,"NY CITY CENTRAL PARK, NY US",40.77898,-73.96925,42.7,2019-06-09,6.49,,,,0.00,,0.0,0.0,,78,60,,,,,,,,,,,
USW00094728,"NY CITY CENTRAL PARK, NY US",40.77898,-73.96925,42.7,2019-06-10,6.71,,,,0.62,,0.0,0.0,,70,60,,,1,,,,,,,,
USW00094728,"NY CITY CENTRAL PARK, NY US",40.77898,-73.96925,42.7,2019-06-11,6.26,,,,0.45,,0.0,0.0,,77,63,,,1,,,,,,,,
USW00094728,"NY CITY CENTRAL PARK, NY US",40.77898,-73.96925,42.7,2019-06-12,4.03,,,,0.00,,0.0,0.0,,74,59,,,,,,,,,,,
USW00094728,"NY CITY CENTRAL PARK, NY US",40.77898,-73.96925,42.7,2019-06-13,5.82,,,,0.60,,0.0,0.0,,65,55,,,1,,,,,,,,
USW00094728,"NY CITY CENTRAL PARK, NY US",40.77898,-73.96925,42.7,2019-06-14,6.04,,,,0.00,,0.0,0.0,,73,58,,,1,,,,,,,,
USW00094728,"NY CITY CENTRAL PARK, NY US",40.77898,-73.96925,42.7,2019-06-15,4.47,,,,0.00,,0.0,0.0,,81,60,,,,,,,,,,,
USW00094728,"NY CITY CENTRAL PARK, NY US",40.77898,-73.96925,42.7,2019-06-16,5.14,,,,0.04,,0.0,0.0,,80,65,,,,,,,,,,,
USW00094728,"NY CITY CENTRAL PARK, NY US",40.77898,-73.96925,42.7,2019-06-17,1.34,,,,0.00,,0.0,0.0,,76,69,,,,,,,,,,,
USW00094728,"NY CITY CENTRAL PARK, NY US",40.77898,-73.96925,42.7,2019-06-18,1.79,,,,0.79,,0.0,0.0,,73,67,,,1,,,,,,,,
USW00094728,"NY CITY CENTRAL PARK, NY US",40.77898,-73.96925,42.7,2019-06-19,2.91,,,,0.11,,0.0,0.0,,71,66,,,1,,,,,,1,,
USW00094728,"NY CITY CENTRAL PARK, NY US",40.77898,-73.96925,42.7,2019-06-20,3.13,,,,0.42,,0.0,0.0,,78,65,,,1,,1,,,,1,,
USW00094728,"NY CITY CENTRAL PARK, NY US",40.77898,-73.96925,42.7,2019-06-21,5.14,,,,0.53,,0.0,0.0,,77,65,,,1,,,,,,1,,
USW00094728,"NY CITY CENTRAL PARK, NY US",40.77898,-73.96925,42.7,2019-06-22,5.59,,,,0.00,,0.0,0.0,,79,61,,,,,,,,,1,,
USW00094728,"NY CITY CENTRAL PARK, NY US",40.77898,-73.96925,42.7,2019-06-23,4.70,,,,0.00,,0.0,0.0,,83,64,,,,,,,,,,,
USW00094728,"NY CITY CENTRAL PARK, NY US",40.77898,-73.96925,42.7,2019-06-24,1.79,,,,0.00,,0.0,0.0,,84,67,,,,,,,,,,,
USW00094728,"NY CITY CENTRAL PARK, NY US",40.77898,-73.96925,42.7,2019-06-25,2.01,,,,0.86,,0.0,0.0,,84,72,,,1,1,1,,,,1,,
USW00094728,"NY CITY CENTRAL PARK, NY US",40.77898,-73.96925,42.7,2019-06-26,3.13,,,,0.00,,0.0,0.0,,87,72,,,1,,,,,,,,
USW00094728,"NY CITY CENTRAL PARK, NY US",40.77898,-73.96925,42.7,2019-06-27,2.68,,,,0.00,,0.0,0.0,,89,71,,,,,,,,,,,
USW00094728,"NY CITY CENTRAL PARK, NY US",40.77898,-73.96925,42.7,2019-06-28,2.46,,,,0.00,,0.0,0.0,,89,73,,,,,,,,,,,
USW00094728,"NY CITY CENTRAL PARK, NY US",40.77898,-73.96925,42.7,2019-06-29,4.70,,,,0.08,,0.0,0.0,,91,72,,,1,,1,,,,,,
USW00094728,"NY CITY CENTRAL PARK, NY US",40.77898,-73.96925,42.7,2019-06-30,5.14,,,,0.06,,0.0,0.0,,83,69,,,,,,,,,,,
USW00094728,"NY CITY CENTRAL PARK, NY US",40.77898,-73.96925,42.7,2019-07-01,4.47,,,,0.00,,0.0,0.0,,85,65,,,,,,,,,1,,
USW00094728,"NY CITY CENTRAL PARK, NY US",40.77898,-73.96925,42.7,2019-07-02,2.46,,,,0.02,,0.0,0.0,,85,71,,,,,,,,,,,
USW00094728,"NY CITY CENTRAL PARK, NY US",40.77898,-73.96925,42.7,2019-07-03,1.79,,,,0.00,,0.0,0.0,,87,75,,,,,,,,,,,
USW00094728,"NY CITY CENTRAL PARK, NY US",40.77898,-73.96925,42.7,2019-07-04,2.68,,,,0.00,,0.0,0.0,,90,74,,,,,,,,,1,,
USW00094728,"NY CITY CENTRAL PARK, NY US",40.77898,-73.96925,42.7,2019-07-05,2.91,,,,0.00,,0.0,0.0,,86,72,,,1,,,,,,1,,
USW00094728,"NY CITY CENTRAL PARK, NY US",40.77898,-73.96925,42.7,2019-07-06,3.36,,,,0.00,,0.0,0.0,,90,76,,,,,1,,,,,,
USW00094728,"NY CITY CENTRAL PARK, NY US",40.77898,-73.96925,42.7,2019-07-07,4.92,,,,0.00,,0.0,0.0,,86,72,,,,,,,,,,,
USW00094728,"NY CITY CENTRAL PARK, NY US",40.77898,-73.96925,42.7,2019-07-08,2.68,,,,0.04,,0.0,0.0,,78,68,,,1,,,,,,,,
USW00094728,"NY CITY CENTRAL PARK, NY US",40.77898,-73.96925,42.7,2019-07-09,2.68,,,,0.00,,0.0,0.0,,87,69,,,1,,,,,,1,,
USW00094728,"NY CITY CENTRAL PARK, NY US",40.77898,-73.96925,42.7,2019-07-10,2.46,,,,0.00,,0.0,0.0,,88,74,,,,,,,,,,,
USW00094728,"NY CITY CENTRAL PARK, NY US",40.77898,-73.96925,42.7,2019-07-11,4.47,,,,0.79,,0.0,0.0,,87,73,,,1,,1,,,,,,
USW00094728,"NY CITY CENTRAL PARK, NY US",40.77898,-73.96925,42.7,2019-07-12,5.14,,,,0.00,,0.0,0.0,,87,72,,,1,,,,,,,,
USW00094728,"NY CITY CENTRAL PARK, NY US",40.77898,-73.96925,42.7,2019-07-13,3.80,,,,0.00,,0.0,0.0,,85,70,,,,,,,,,,,
USW00094728,"NY CITY CENTRAL PARK, NY US",40.77898,-73.96925,42.7,2019-07-14,4.92,,,,0.00,,0.0,0.0,,89,76,,,,,,,,,,,
USW00094728,"NY CITY CENTRAL PARK, NY US",40.77898,-73.96925,42.7,2019-07-15,2.91,,,,0.00,,0.0,0.0,,85,68,,,,,,,,,,,
USW00094728,"NY CITY CENTRAL PARK, NY US",40.77898,-73.96925,42.7,2019-07-16,2.91,,,,0.00,,0.0,0.0,,91,72,,,,,,,,,,,
USW00094728,"NY CITY CENTRAL PARK, NY US",40.77898,-73.96925,42.7,2019-07-17,3.58,,,,1.82,,0.0,0.0,,93,73,,,1,,1,,,,,,
USW00094728,"NY CITY CENTRAL PARK, NY US",40.77898,-73.96925,42.7,2019-07-18,4.92,,,,0.51,,0.0,0.0,,79,71,,,1,,,,,,,,
USW00094728,"NY CITY CENTRAL PARK, NY US",40.77898,-73.96925,42.7,2019-07-19,3.58,,,,0.00,,0.0,0.0,,91,71,,,,,,,,,,,
USW00094728,"NY CITY CENTRAL PARK, NY US",40.77898,-73.96925,42.7,2019-07-20,4.25,,,,0.00,,0.0,0.0,,95,82,,,,,,,,,,,
USW00094728,"NY CITY CENTRAL PARK, NY US",40.77898,-73.96925,42.7,2019-07-21,4.47,,,,0.00,,0.0,0.0,,95,80,,,,,1,,,,,,
USW00094728,"NY CITY CENTRAL PARK, NY US",40.77898,-73.96925,42.7,2019-07-22,2.68,,,,1.66,,0.0,0.0,,90,72,,,1,1,1,,,,,,
USW00094728,"NY CITY CENTRAL PARK, NY US",40.77898,-73.96925,42.7,2019-07-23,4.03,,,,0.53,,0.0,0.0,,74,67,,,1,,,,,,,,
USW00094728,"NY CITY CENTRAL PARK, NY US",40.77898,-73.96925,42.7,2019-07-24,2.91,,,,0.02,,0.0,0.0,,83,67,,,1,,,,,,,,
USW00094728,"NY CITY CENTRAL PARK, NY US",40.77898,-73.96925,42.7,2019-07-25,1.79,,,,0.00,,0.0,0.0,,84,70,,,,,,,,,,,
USW00094728,"NY CITY CENTRAL PARK, NY US",40.77898,-73.96925,42.7,2019-07-26,1.57,,,,0.00,,0.0,0.0,,88,69,,,,,,,,,,,
USW00094728,"NY CITY CENTRAL PARK, NY US",40.77898,-73.96925,42.7,2019-07-27,2.91,,,,0.00,,0.0,0.0,,85,72,,,,,,,,,,,
USW00094728,"NY CITY CENTRAL PARK, NY US",40.77898,-73.96925,42.7,2019-07-28,5.37,,,,0.01,,0.0,0.0,,88,71,,,1,,,,,,,,
USW00094728,"NY CITY CENTRAL PARK, NY US",40.77898,-73.96925,42.7,2019-07-29,4.47,,,,0.00,,0.0,0.0,,90,73,,,,,,,,,,,
USW00094728,"NY CITY CENTRAL PARK, NY US",40.77898,-73.96925,42.7,2019-07-30,3.36,,,,0.01,,0.0,0.0,,92,78,,,,,1,,,,,,
USW00094728,"NY CITY CENTRAL PARK, NY US",40.77898,-73.96925,42.7,2019-07-31,2.91,,,,0.36,,0.0,0.0,,87,70,,,1,,1,,,,,,
USW00094728,"NY CITY CENTRAL PARK, NY US",40.77898,-73.96925,42.7,2019-08-01,2.24,,,,0.00,,0.0,0.0,,87,70,,,1,,,,,,,,
USW00094728,"NY CITY CENTRAL PARK, NY US",40.77898,-73.96925,42.7,2019-08-02,3.58,,,,0.00,,0.0,0.0,,84,73,,,,,,,,,,,
USW00094728,"NY CITY CENTRAL PARK, NY US",40.77898,-73.96925,42.7,2019-08-03,3.58,,,,0.21,,0.0,0.0,,86,68,,,1,,1,,,,,,
USW00094728,"NY CITY CENTRAL PARK, NY US",40.77898,-73.96925,42.7,2019-08-04,2.68,,,,0.00,,0.0,0.0,,87,69,,,1,,,,,,,,
USW00094728,"NY CITY CENTRAL PARK, NY US",40.77898,-73.96925,42.7,2019-08-05,4.47,,,,0.00,,0.0,0.0,,82,70,,,,,,,,,,,
USW00094728,"NY CITY CENTRAL PARK, NY US",40.77898,-73.96925,42.7,2019-08-06,3.13,,,,0.04,,0.0,0.0,,79,71,,,1,,,,,,1,,
USW00094728,"NY CITY CENTRAL PARK, NY US",40.77898,-73.96925,42.7,2019-08-07,2.68,,,,1.18,,0.0,0.0,,84,69,,,1,1,1,,,,,,
USW00094728,"NY CITY CENTRAL PARK, NY US",40.77898,-73.96925,42.7,2019-08-08,4.70,,,,0.20,,0.0,0.0,,84,67,,,1,,1,,,,1,,
USW00094728,"NY CITY CENTRAL PARK, NY US",40.77898,-73.96925,42.7,2019-08-09,3.58,,,,0.08,,0.0,0.0,,83,68,,,1,,1,,,,,,
USW00094728,"NY CITY CENTRAL PARK, NY US",40.77898,-73.96925,42.7,2019-08-10,5.14,,,,0.00,,0.0,0.0,,81,66,,,,,,,,,,,
USW00094728,"NY CITY CENTRAL PARK, NY US",40.77898,-73.96925,42.7,2019-08-11,3.13,,,,0.00,,0.0,0.0,,80,63,,,,,,,,,,,
USW00094728,"NY CITY CENTRAL PARK, NY US",40.77898,-73.96925,42.7,2019-08-12,3.58,,,,0.00,,0.0,0.0,,85,68,,,,,,,,,,,
USW00094728,"NY CITY CENTRAL PARK, NY US",40.77898,-73.96925,42.7,2019-08-13,3.58,,,,0.07,,0.0,0.0,,79,71,,,1,,,,,,,,
USW00094728,"NY CITY CENTRAL PARK, NY US",40.77898,-73.96925,42.7,2019-08-14,3.58,,,,0.00,,0.0,0.0,,84,73,,,1,,,,,,1,,
USW00094728,"NY CITY CENTRAL PARK, NY US",40.77898,-73.96925,42.7,2019-08-15,4.03,,,,0.00,,0.0,0.0,,85,70,,,1,,,,,,1,,
USW00094728,"NY CITY CENTRAL PARK, NY US",40.77898,-73.96925,42.7,2019-08-16,2.68,,,,0.00,,0.0,0.0,,79,68,,,,,,,,,,,
USW00094728,"NY CITY CENTRAL PARK, NY US",40.77898,-73.96925,42.7,2019-08-17,3.36,,,,0.00,,0.0,0.0,,87,73,,,1,,,,,,,,
USW00094728,"NY CITY CENTRAL PARK, NY US",40.77898,-73.96925,42.7,2019-08-18,2.24,,,,0.64,,0.0,0.0,,90,70,,,1,,,,,,1,,
USW00094728,"NY CITY CENTRAL PARK, NY US",40.77898,-73.96925,42.7,2019-08-19,2.91,,,,0.00,,0.0,0.0,,90,72,,,,,1,,,,,,
USW00094728,"NY CITY CENTRAL PARK, NY US",40.77898,-73.96925,42.7,2019-08-20,2.91,,,,0.00,,0.0,0.0,,88,75,,,,,,,,,,,
USW00094728,"NY CITY CENTRAL PARK, NY US",40.77898,-73.96925,42.7,2019-08-21,2.91,,,,0.10,,0.0,0.0,,87,74,,,1,,1,,,,1,,
USW00094728,"NY CITY CENTRAL PARK, NY US",40.77898,-73.96925,42.7,2019-08-22,3.80,,,,1.01,,0.0,0.0,,90,71,,,1,,1,,,,1,,
USW00094728,"NY CITY CENTRAL PARK, NY US",40.77898,-73.96925,42.7,2019-08-23,3.36,,,,0.09,,0.0,0.0,,74,65,,,1,,,,,,,,
USW00094728,"NY CITY CENTRAL PARK, NY US",40.77898,-73.96925,42.7,2019-08-24,5.14,,,,0.00,,0.0,0.0,,76,64,,,,,,,,,,,
USW00094728,"NY CITY CENTRAL PARK, NY US",40.77898,-73.96925,42.7,2019-08-25,8.95,,,,0.00,,0.0,0.0,,77,63,,,,,,,,,,,
USW00094728,"NY CITY CENTRAL PARK, NY US",40.77898,-73.96925,42.7,2019-08-26,6.26,,,,0.00,,0.0,0.0,,74,61,,,,,,,,,,,
USW00094728,"NY CITY CENTRAL PARK, NY US",40.77898,-73.96925,42.7,2019-08-27,3.13,,,,0.00,,0.0,0.0,,75,62,,,,,,,,,,,
USW00094728,"NY CITY CENTRAL PARK, NY US",40.77898,-73.96925,42.7,2019-08-28,3.80,,,,0.08,,0.0,0.0,,74,67,,,1,,,,,,1,,
USW00094728,"NY CITY CENTRAL PARK, NY US",40.77898,-73.96925,42.7,2019-08-29,4.03,,,,0.00,,0.0,0.0,,81,65,,,,,,,,,,,
USW00094728,"NY CITY CENTRAL PARK, NY US",40.77898,-73.96925,42.7,2019-08-30,4.03,,,,0.00,,0.0,0.0,,86,67,,,,,,,,,,,
USW00094728,"NY CITY CENTRAL PARK, NY US",40.77898,-73.96925,42.7,2019-08-31,5.82,,,,0.00,,0.0,0.0,,81,69,,,,,,,,,,,
USW00094728,"NY CITY CENTRAL PARK, NY US",40.77898,-73.96925,42.7,2019-09-01,4.47,,,,0.00,,0.0,0.0,,78,63,,,,,,,,,,,
USW00094728,"NY CITY CENTRAL PARK, NY US",40.77898,-73.96925,42.7,2019-09-02,2.46,,,,0.30,,0.0,0.0,,74,69,,,1,,1,,,,,,
USW00094728,"NY CITY CENTRAL PARK, NY US",40.77898,-73.96925,42.7,2019-09-03,3.36,,,,0.00,,0.0,0.0,,82,67,,,,,,,,,,,
USW00094728,"NY CITY CENTRAL PARK, NY US",40.77898,-73.96925,42.7,2019-09-04,3.80,,,,0.00,,0.0,0.0,,87,68,,,,,1,,,,,,
USW00094728,"NY CITY CENTRAL PARK, NY US",40.77898,-73.96925,42.7,2019-09-05,5.14,,,,0.00,,0.0,0.0,,74,65,,,,,,,,,,,
USW00094728,"NY CITY CENTRAL PARK, NY US",40.77898,-73.96925,42.7,2019-09-06,8.28,,,,0.32,,0.0,0.0,,67,58,,,1,,,,,,1,,
USW00094728,"NY CITY CENTRAL PARK, NY US",40.77898,-73.96925,42.7,2019-09-07,4.47,,,,0.02,,0.0,0.0,,75,56,,,1,,,,,,,,
USW00094728,"NY CITY CENTRAL PARK, NY US",40.77898,-73.96925,42.7,2019-09-08,2.24,,,,0.00,,0.0,0.0,,77,63,,,,,,,,,,,
USW00094728,"NY CITY CENTRAL PARK, NY US",40.77898,-73.96925,42.7,2019-09-09,4.47,,,,0.00,,0.0,0.0,,78,64,,,,,,,,,,,
USW00094728,"NY CITY CENTRAL PARK, NY US",40.77898,-73.96925,42.7,2019-09-10,2.91,,,,0.01,,0.0,0.0,,76,66,,,1,,,,,,,,
USW00094728,"NY CITY CENTRAL PARK, NY US",40.77898,-73.96925,42.7,2019-09-11,5.14,,,,0.00,,0.0,0.0,,88,69,,,,,,,,,,,
USW00094728,"NY CITY CENTRAL PARK, NY US",40.77898,-73.96925,42.7,2019-09-12,4.92,,,,0.17,,0.0,0.0,,81,61,,,1,,,,,,1,,
USW00094728,"NY CITY CENTRAL PARK, NY US",40.77898,-73.96925,42.7,2019-09-13,6.49,,,,0.00,,0.0,0.0,,72,57,,,,,,,,,,,
USW00094728,"NY CITY CENTRAL PARK, NY US",40.77898,-73.96925,42.7,2019-09-14,2.91,,,,0.00,,0.0,0.0,,74,61,,,,,,,,,,,
USW00094728,"NY CITY CENTRAL PARK, NY US",40.77898,-73.96925,42.7,2019-09-15,2.24,,,,0.00,,0.0,0.0,,82,68,,,,,,,,,,,
USW00094728,"NY CITY CENTRAL PARK, NY US",40.77898,-73.96925,42.7,2019-09-16,2.01,,,,0.00,,0.0,0.0,,77,68,,,,,,,,,,,
USW00094728,"NY CITY CENTRAL PARK, NY US",40.77898,-73.96925,42.7,2019-09-17,5.59,,,,0.00,,0.0,0.0,,76,62,,,,,,,,,,,
USW00094728,"NY CITY CENTRAL PARK, NY US",40.77898,-73.96925,42.7,2019-09-18,6.49,,,,0.00,,0.0,0.0,,69,57,,,,,,,,,,,
USW00094728,"NY CITY CENTRAL PARK, NY US",40.77898,-73.96925,42.7,2019-09-19,2.91,,,,0.00,,0.0,0.0,,70,52,,,,,,,,,,,
USW00094728,"NY CITY CENTRAL PARK, NY US",40.77898,-73.96925,42.7,2019-09-20,4.70,,,,0.00,,0.0,0.0,,78,56,,,,,,,,,,,
USW00094728,"NY CITY CENTRAL PARK, NY US",40.77898,-73.96925,42.7,2019-09-21,2.68,,,,0.00,,0.0,0.0,,84,61,,,,,,,,,,,
USW00094728,"NY CITY CENTRAL PARK, NY US",40.77898,-73.96925,42.7,2019-09-22,3.58,,,,0.00,,0.0,0.0,,86,67,,,,,,,,,1,,
USW00094728,"NY CITY CENTRAL PARK, NY US",40.77898,-73.96925,42.7,2019-09-23,5.37,,,,0.11,,0.0,0.0,,89,70,,,1,,,,,,,,
USW00094728,"NY CITY CENTRAL PARK, NY US",40.77898,-73.96925,42.7,2019-09-24,5.82,,,,0.00,,0.0,0.0,,76,63,,,,,,,,,,,
USW00094728,"NY CITY CENTRAL PARK, NY US",40.77898,-73.96925,42.7,2019-09-25,3.36,,,,0.00,,0.0,0.0,,79,58,,,,,,,,,,,
USW00094728,"NY CITY CENTRAL PARK, NY US",40.77898,-73.96925,42.7,2019-09-26,3.58,,,,0.02,,0.0,0.0,,83,63,,,1,,,,,,,,
USW00094728,"NY CITY CENTRAL PARK, NY US",40.77898,-73.96925,42.7,2019-09-27,3.58,,,,0.00,,0.0,0.0,,76,59,,,,,,,,,,,
USW00094728,"NY CITY CENTRAL PARK, NY US",40.77898,-73.96925,42.7,2019-09-28,2.91,,,,0.00,,0.0,0.0,,82,65,,,,,,,,,,,
USW00094728,"NY CITY CENTRAL PARK, NY US",40.77898,-73.96925,42.7,2019-09-29,6.26,,,,0.00,,0.0,0.0,,80,65,,,,,,,,,,,
USW00094728,"NY CITY CENTRAL PARK, NY US",40.77898,-73.96925,42.7,2019-09-30,6.93,,,,0.00,,0.0,0.0,,71,60,,,,,,,,,,,
USW00094728,"NY CITY CENTRAL PARK, NY US",40.77898,-73.96925,42.7,2019-10-01,3.80,,,,0.00,,0.0,0.0,,81,63,,,,,,,,,,,
USW00094728,"NY CITY CENTRAL PARK, NY US",40.77898,-73.96925,42.7,2019-10-02,6.49,,,,0.03,,0.0,0.0,,93,63,,,1,,,,,,,,
USW00094728,"NY CITY CENTRAL PARK, NY US",40.77898,-73.96925,42.7,2019-10-03,6.26,,,,0.34,,0.0,0.0,,63,53,,,1,,,,,,,,
USW00094728,"NY CITY CENTRAL PARK, NY US",40.77898,-73.96925,42.7,2019-10-04,6.93,,,,0.00,,0.0,0.0,,66,50,,,1,,,,,,,,
USW00094728,"NY CITY CENTRAL PARK, NY US",40.77898,-73.96925,42.7,2019-10-05,4.92,,,,0.00,,0.0,0.0,,61,45,,,,,,,,,,,
USW00094728,"NY CITY CENTRAL PARK, NY US",40.77898,-73.96925,42.7,2019-10-06,2.91,,,,0.01,,0.0,0.0,,70,57,,,,,,,,,,,
USW00094728,"NY CITY CENTRAL PARK, NY US",40.77898,-73.96925,42.7,2019-10-07,4.03,,,,0.20,,0.0,0.0,,79,59,,,1,,,,,,,,
USW00094728,"NY CITY CENTRAL PARK, NY US",40.77898,-73.96925,42.7,2019-10-08,7.83,,,,0.02,,0.0,0.0,,64,57,,,1,,,,,,,,
USW00094728,"NY CITY CENTRAL PARK, NY US",40.77898,-73.96925,42.7,2019-10-09,10.51,,,,0.54,,0.0,0.0,,59,51,,,1,,,,,,,,
USW00094728,"NY CITY CENTRAL PARK, NY US",40.77898,-73.96925,42.7,2019-10-10,9.62,,,,0.00,,0.0,0.0,,71,53,,,,,,,,,,,
USW00094728,"NY CITY CENTRAL PARK, NY US",40.77898,-73.96925,42.7,2019-10-11,9.17,,,,0.00,,0.0,0.0,,64,55,,,,,,,,,,,
USW00094728,"NY CITY CENTRAL PARK, NY US",40.77898,-73.96925,42.7,2019-10-12,3.58,,,,0.00,,0.0,0.0,,67,55,,,,,,,,,,,
USW00094728,"NY CITY CENTRAL PARK, NY US",40.77898,-73.96925,42.7,2019-10-13,2.01,,,,0.00,,0.0,0.0,,67,53,,,,,,,,,,,
USW00094728,"NY CITY CENTRAL PARK, NY US",40.77898,-73.96925,42.7,2019-10-14,4.03,,,,0.00,,0.0,0.0,,72,58,,,,,,,,,,,
USW00094728,"NY CITY CENTRAL PARK, NY US",40.77898,-73.96925,42.7,2019-10-15,2.91,,,,0.00,,0.0,0.0,,64,51,,,,,,,,,,,
USW00094728,"NY CITY CENTRAL PARK, NY US",40.77898,-73.96925,42.7,2019-10-16,6.49,,,,1.83,,0.0,0.0,,66,52,,,1,,,,,,,,
USW00094728,"NY CITY CENTRAL PARK, NY US",40.77898,-73.96925,42.7,2019-10-17,11.63,,,,0.00,,0.0,0.0,,57,51,,,,,,,,,,,
USW00094728,"NY CITY CENTRAL PARK, NY US",40.77898,-73.96925,42.7,2019-10-18,8.72,,,,0.00,,0.0,0.0,,58,47,,,,,,,,,,,
USW00094728,"NY CITY CENTRAL PARK, NY US",40.77898,-73.96925,42.7,2019-10-19,2.68,,,,0.00,,0.0,0.0,,60,43,,,,,,,,,,,
USW00094728,"NY CITY CENTRAL PARK, NY US",40.77898,-73.96925,42.7,2019-10-20,4.47,,,,0.54,,0.0,0.0,,59,49,,,1,,,,,,,,
USW00094728,"NY CITY CENTRAL PARK, NY US",40.77898,-73.96925,42.7,2019-10-21,4.03,,,,0.00,,0.0,0.0,,67,51,,,,,,,,,,,
USW00094728,"NY CITY CENTRAL PARK, NY US",40.77898,-73.96925,42.7,2019-10-22,4.47,,,,0.57,,0.0,0.0,,63,55,,,1,,,,,,1,,
USW00094728,"NY CITY CENTRAL PARK, NY US",40.77898,-73.96925,42.7,2019-10-23,6.26,,,,0.01,,0.0,0.0,,65,54,,,1,,,,,,,,
USW00094728,"NY CITY CENTRAL PARK, NY US",40.77898,-73.96925,42.7,2019-10-24,3.13,,,,0.00,,0.0,0.0,,67,50,,,,,,,,,,,
USW00094728,"NY CITY CENTRAL PARK, NY US",40.77898,-73.96925,42.7,2019-10-25,2.91,,,,0.00,,0.0,0.0,,65,52,,,,,,,,,,,
USW00094728,"NY CITY CENTRAL PARK, NY US",40.77898,-73.96925,42.7,2019-10-26,3.36,,,,0.01,,0.0,0.0,,63,52,,,,,,,,,,,
USW00094728,"NY CITY CENTRAL PARK, NY US",40.77898,-73.96925,42.7,2019-10-27,4.92,,,,1.38,,0.0,0.0,,67,55,,,1,,,,,,,,
USW00094728,"NY CITY CENTRAL PARK, NY US",40.77898,-73.96925,42.7,2019-10-28,3.58,,,,0.00,,0.0,0.0,,63,55,,,1,,,,,,1,,
USW00094728,"NY CITY CENTRAL PARK, NY US",40.77898,-73.96925,42.7,2019-10-29,4.03,,,,0.07,,0.0,0.0,,59,54,,,1,,,,,,,,
USW00094728,"NY CITY CENTRAL PARK, NY US",40.77898,-73.96925,42.7,2019-10-30,3.13,,,,0.06,,0.0,0.0,,63,58,,,1,,,,,,,,
USW00094728,"NY CITY CENTRAL PARK, NY US",40.77898,-73.96925,42.7,2019-10-31,5.14,,,,0.54,,0.0,0.0,,71,60,,,1,,,,,,,,
USW00094728,"NY CITY CENTRAL PARK, NY US",40.77898,-73.96925,42.7,2019-11-01,9.40,,,,0.11,,0.0,0.0,,71,42,,,1,,,,,,,,
USW00094728,"NY CITY CENTRAL PARK, NY US",40.77898,-73.96925,42.7,2019-11-02,3.80,,,,0.00,,0.0,0.0,,53,40,,,,,,,,,,,
USW00094728,"NY CITY CENTRAL PARK, NY US",40.77898,-73.96925,42.7,2019-11-03,4.92,,,,0.00,,0.0,0.0,,54,42,,,,,,,,,,,
USW00094728,"NY CITY CENTRAL PARK, NY US",40.77898,-73.96925,42.7,2019-11-04,3.13,,,,0.00,,0.0,0.0,,56,41,,,,,,,,,,,
USW00094728,"NY CITY CENTRAL PARK, NY US",40.77898,-73.96925,42.7,2019-11-05,2.91,,,,0.00,,0.0,0.0,,61,51,,,,,,,,,,,
USW00094728,"NY CITY CENTRAL PARK, NY US",40.77898,-73.96925,42.7,2019-11-06,4.92,,,,0.00,,0.0,0.0,,54,45,,,,,,,,,,,
USW00094728,"NY CITY CENTRAL PARK, NY US",40.77898,-73.96925,42.7,2019-11-07,4.70,,,,0.10,,0.0,0.0,,57,41,,,1,,,,,,,,
USW00094728,"NY CITY CENTRAL PARK, NY US",40.77898,-73.96925,42.7,2019-11-08,7.61,,,,0.00,,0.0,0.0,,41,29,,,,,,,,,,,
USW00094728,"NY CITY CENTRAL PARK, NY US",40.77898,-73.96925,42.7,2019-11-09,3.13,,,,0.00,,0.0,0.0,,41,27,,,,,,,,,,,
USW00094728,"NY CITY CENTRAL PARK, NY US",40.77898,-73.96925,42.7,2019-11-10,3.80,,,,0.00,,0.0,0.0,,51,38,,,,,,,,,,,
USW00094728,"NY CITY CENTRAL PARK, NY US",40.77898,-73.96925,42.7,2019-11-11,2.46,,,,0.00,,0.0,0.0,,62,46,,,,,,,,,,,
USW00094728,"NY CITY CENTRAL PARK, NY US",40.77898,-73.96925,42.7,2019-11-12,9.40,,,,0.04,,0.0,0.0,,57,25,,,1,,,,,,,,
USW00094728,"NY CITY CENTRAL PARK, NY US",40.77898,-73.96925,42.7,2019-11-13,5.37,,,,0.00,,0.0,0.0,,34,23,,,,,,,,,,,
USW00094728,"NY CITY CENTRAL PARK, NY US",40.77898,-73.96925,42.7,2019-11-14,4.25,,,,0.00,,0.0,0.0,,45,28,,,,,,,,,,,
USW00094728,"NY CITY CENTRAL PARK, NY US",40.77898,-73.96925,42.7,2019-11-15,4.25,,,,0.00,,0.0,0.0,,51,37,,,,,,,,,,,
USW00094728,"NY CITY CENTRAL PARK, NY US",40.77898,-73.96925,42.7,2019-11-16,10.29,,,,0.00,,0.0,0.0,,42,31,,,,,,,,,,,
USW00094728,"NY CITY CENTRAL PARK, NY US",40.77898,-73.96925,42.7,2019-11-17,10.51,,,,0.00,,0.0,0.0,,43,30,,,,,,,,,,,
USW00094728,"NY CITY CENTRAL PARK, NY US",40.77898,-73.96925,42.7,2019-11-18,6.04,,,,0.48,,0.0,0.0,,42,37,,,1,,,,,,1,,
USW00094728,"NY CITY CENTRAL PARK, NY US",40.77898,-73.96925,42.7,2019-11-19,4.47,,,,0.18,,0.0,0.0,,48,40,,,1,,,,,,,,
USW00094728,"NY CITY CENTRAL PARK, NY US",40.77898,-73.96925,42.7,2019-11-20,5.14,,,,0.00,,0.0,0.0,,49,40,,,,,,,,,,,
USW00094728,"NY CITY CENTRAL PARK, NY US",40.77898,-73.96925,42.7,2019-11-21,4.47,,,,0.00,,0.0,0.0,,53,39,,,,,,,,,,,
USW00094728,"NY CITY CENTRAL PARK, NY US",40.77898,-73.96925,42.7,2019-11-22,7.38,,,,0.07,,0.0,0.0,,53,38,,,1,,,,,,,,
USW00094728,"NY CITY CENTRAL PARK, NY US",40.77898,-73.96925,42.7,2019-11-23,4.25,,,,0.03,,0.0,0.0,,45,34,,,,,,,,,,,
USW00094728,"NY CITY CENTRAL PARK, NY US",40.77898,-73.96925,42.7,2019-11-24,8.05,,,,0.90,,0.0,0.0,,46,40,,,1,,,,,,,,
USW00094728,"NY CITY CENTRAL PARK, NY US",40.77898,-73.96925,42.7,2019-11-25,5.14,,,,0.00,,0.0,0.0,,53,39,,,,,,,,,,,
USW00094728,"NY CITY CENTRAL PARK, NY US",40.77898,-73.96925,42.7,2019-11-26,4.25,,,,0.00,,0.0,0.0,,61,44,,,,,,,,,,,
USW00094728,"NY CITY CENTRAL PARK, NY US",40.77898,-73.96925,42.7,2019-11-27,4.25,,,,0.04,,0.0,0.0,,59,49,,,,,,,,,,,
USW00094728,"NY CITY CENTRAL PARK, NY US",40.77898,-73.96925,42.7,2019-11-28,11.41,,,,0.00,,0.0,0.0,,53,37,,,,,,,,,,,
USW00094728,"NY CITY CENTRAL PARK, NY US",40.77898,-73.96925,42.7,2019-11-29,6.26,,,,0.00,,0.0,0.0,,40,30,,,,,,,,,,,
USW00094728,"NY CITY CENTRAL PARK, NY US",40.77898,-73.96925,42.7,2019-11-30,4.25,,,,0.00,,0.0,0.0,,43,31,,,,,,,,,,,
USW00094728,"NY CITY CENTRAL PARK, NY US",40.77898,-73.96925,42.7,2019-12-01,9.84,,,,0.62,,0.0,0.0,,39,30,,,1,,,,,1,,,
USW00094728,"NY CITY CENTRAL PARK, NY US",40.77898,-73.96925,42.7,2019-12-02,8.50,,,,0.48,,1.3,0.0,,37,31,,,1,,,,,,,,
USW00094728,"NY CITY CENTRAL PARK, NY US",40.77898,-73.96925,42.7,2019-12-03,7.16,,,,0.02,,0.3,1.2,,36,30,,,1,,,,,,,,
USW00094728,"NY CITY CENTRAL PARK, NY US",40.77898,-73.96925,42.7,2019-12-04,5.37,,,,0.00,,0.0,0.0,,39,32,,,,,,,,,1,,
USW00094728,"NY CITY CENTRAL PARK, NY US",40.77898,-73.96925,42.7,2019-12-05,9.40,,,,0.00,,0.0,0.0,,42,36,,,,,,,,,,,
USW00094728,"NY CITY CENTRAL PARK, NY US",40.77898,-73.96925,42.7,2019-12-06,7.38,,,,0.00,,0.0,0.0,,50,34,,,,,,,,,,,
USW00094728,"NY CITY CENTRAL PARK, NY US",40.77898,-73.96925,42.7,2019-12-07,6.93,,,,0.00,,0.0,0.0,,38,30,,,,,,,,,,,
USW00094728,"NY CITY CENTRAL PARK, NY US",40.77898,-73.96925,42.7,2019-12-08,2.68,,,,0.00,,0.0,0.0,,46,28,,,,,,,,,,,
USW00094728,"NY CITY CENTRAL PARK, NY US",40.77898,-73.96925,42.7,2019-12-09,4.47,,,,1.57,,0.0,0.0,,55,42,,,1,,,,,,,,
USW00094728,"NY CITY CENTRAL PARK, NY US",40.77898,-73.96925,42.7,2019-12-10,6.93,,,,0.13,,0.0,0.0,,58,39,,,1,,,,,,,,
USW00094728,"NY CITY CENTRAL PARK, NY US",40.77898,-73.96925,42.7,2019-12-11,6.26,,,,0.26,,0.2,0.0,,40,31,,,1,,,,,,,,
USW00094728,"NY CITY CENTRAL PARK, NY US",40.77898,-73.96925,42.7,2019-12-12,4.70,,,,0.00,,0.0,0.0,,36,26,,,,,,,,,,,
USW00094728,"NY CITY CENTRAL PARK, NY US",40.77898,-73.96925,42.7,2019-12-13,5.82,,,,0.81,,0.0,0.0,,48,33,,,1,,,,,,1,,
USW00094728,"NY CITY CENTRAL PARK, NY US",40.77898,-73.96925,42.7,2019-12-14,6.04,,,,1.16,,0.0,0.0,,56,45,,,1,,,,,,,,
USW00094728,"NY CITY CENTRAL PARK, NY US",40.77898,-73.96925,42.7,2019-12-15,9.62,,,,0.00,,0.0,0.0,,49,37,,,,,,,,,,,
USW00094728,"NY CITY CENTRAL PARK, NY US",40.77898,-73.96925,42.7,2019-12-16,3.80,,,,0.10,,0.0,0.0,,37,33,,,1,,,,,1,,,
USW00094728,"NY CITY CENTRAL PARK, NY US",40.77898,-73.96925,42.7,2019-12-17,8.72,,,,0.90,,0.0,0.0,,35,32,,,1,,,,,1,,,
USW00094728,"NY CITY CENTRAL PARK, NY US",40.77898,-73.96925,42.7,2019-12-18,8.95,,,,0.03,,0.7,0.0,,36,21,,,1,,,,,,1,,
USW00094728,"NY CITY CENTRAL PARK, NY US",40.77898,-73.96925,42.7,2019-12-19,10.51,,,,0.00,,0.0,0.0,,25,16,,,,,,,,,,,
USW00094728,"NY CITY CENTRAL PARK, NY US",40.77898,-73.96925,42.7,2019-12-20,6.04,,,,0.00,,0.0,0.0,,33,22,,,,,,,,,,,
USW00094728,"NY CITY CENTRAL PARK, NY US",40.77898,-73.96925,42.7,2019-12-21,2.91,,,,0.00,,0.0,0.0,,35,23,,,,,,,,,,,
USW00094728,"NY CITY CENTRAL PARK, NY US",40.77898,-73.96925,42.7,2019-12-22,4.70,,,,0.00,,0.0,0.0,,46,30,,,,,,,,,1,,
USW00094728,"NY CITY CENTRAL PARK, NY US",40.77898,-73.96925,42.7,2019-12-23,4.70,,,,0.00,,0.0,0.0,,57,41,,,,,,,,,,,
USW00094728,"NY CITY CENTRAL PARK, NY US",40.77898,-73.96925,42.7,2019-12-24,5.82,,,,0.00,,0.0,0.0,,47,36,,,,,,,,,,,
USW00094728,"NY CITY CENTRAL PARK, NY US",40.77898,-73.96925,42.7,2019-12-25,3.58,,,,0.00,,0.0,0.0,,47,32,,,,,,,,,,,
USW00094728,"NY CITY CENTRAL PARK, NY US",40.77898,-73.96925,42.7,2019-12-26,5.82,,,,0.00,,0.0,0.0,,46,36,,,1,,,,,,1,,
USW00094728,"NY CITY CENTRAL PARK, NY US",40.77898,-73.96925,42.7,2019-12-27,4.47,,,,0.00,,0.0,0.0,,54,46,,,,,,,,,,,
USW00094728,"NY CITY CENTRAL PARK, NY US",40.77898,-73.96925,42.7,2019-12-28,4.03,,,,0.00,,0.0,0.0,,51,43,,,1,,,,,,1,,
USW00094728,"NY CITY CENTRAL PARK, NY US",40.77898,-73.96925,42.7,2019-12-29,4.92,,,,0.25,,0.0,0.0,,44,39,,,1,,,,,,,,
USW00094728,"NY CITY CENTRAL PARK, NY US",40.77898,-73.96925,42.7,2019-12-30,12.75,,,,0.74,,0.0,0.0,,41,37,,,1,,,,,,,,
USW00094728,"NY CITY CENTRAL PARK, NY US",40.77898,-73.96925,42.7,2019-12-31,5.14,,,,0.02,,0.0,0.0,,45,36,,,1,,,,,,,,
USW00094728,"NY CITY CENTRAL PARK, NY US",40.77898,-73.96925,42.7,2020-01-01,8.50,,,,0.00,,0.0,0.0,,41,34,,,,,,,,,,,
USW00094728,"NY CITY CENTRAL PARK, NY US",40.77898,-73.96925,42.7,2020-01-02,5.37,,,,0.00,,0.0,0.0,,49,33,,,,,,,,,,,
USW00094728,"NY CITY CENTRAL PARK, NY US",40.77898,-73.96925,42.7,2020-01-03,3.36,,,,0.15,,0.0,0.0,,49,44,,,1,,,,,,1,,
USW00094728,"NY CITY CENTRAL PARK, NY US",40.77898,-73.96925,42.7,2020-01-04,4.47,,,,0.27,,0.0,0.0,,51,41,,,1,1,,,,,,,
USW00094728,"NY CITY CENTRAL PARK, NY US",40.77898,-73.96925,42.7,2020-01-05,11.41,,,,0.00,,0.0,0.0,,42,35,,,,,,,,,,,
USW00094728,"NY CITY CENTRAL PARK, NY US",40.77898,-73.96925,42.7,2020-01-06,6.04,,,,0.04,,0.2,0.0,,45,32,,,1,,,,,,,,
USW00094728,"NY CITY CENTRAL PARK, NY US",40.77898,-73.96925,42.7,2020-01-07,5.14,,,,0.00,,0.0,0.0,,45,36,,,,,,,,,,,
USW00094728,"NY CITY CENTRAL PARK, NY US",40.77898,-73.96925,42.7,2020-01-08,9.62,,,,0.00,,0.0,0.0,,42,28,,,,,,,,,1,,
USW00094728,"NY CITY CENTRAL PARK, NY US",40.77898,-73.96925,42.7,2020-01-09,4.47,,,,0.00,,0.0,0.0,,34,23,,,,,,,,,,,
USW00094728,"NY CITY CENTRAL PARK, NY US",40.77898,-73.96925,42.7,2020-01-10,6.26,,,,0.00,,0.0,0.0,,55,33,,,,,,,,,,,
USW00094728,"NY CITY CENTRAL PARK, NY US",40.77898,-73.96925,42.7,2020-01-11,5.37,,,,0.00,,0.0,0.0,,69,51,,,,,,,,,,,
USW00094728,"NY CITY CENTRAL PARK, NY US",40.77898,-73.96925,42.7,2020-01-12,8.72,,,,0.05,,0.0,0.0,,68,43,,,1,,,,,,,,
USW00094728,"NY CITY CENTRAL PARK, NY US",40.77898,-73.96925,42.7,2020-01-13,4.47,,,,0.00,,0.0,0.0,,46,37,,,,,,,,,1,,
USW00094728,"NY CITY CENTRAL PARK, NY US",40.77898,-73.96925,42.7,2020-01-14,3.80,,,,0.07,,0.0,0.0,,46,39,,,1,,,,,,,,
USW00094728,"NY CITY CENTRAL PARK, NY US",40.77898,-73.96925,42.7,2020-01-15,5.14,,,,0.00,,0.0,0.0,,50,41,,,1,,,,,,1,,
USW00094728,"NY CITY CENTRAL PARK, NY US",40.77898,-73.96925,42.7,2020-01-16,10.29,,,,0.11,,0.0,0.0,,49,33,,,1,,,,,,1,,
USW00094728,"NY CITY CENTRAL PARK, NY US",40.77898,-73.96925,42.7,2020-01-17,10.74,,,,0.00,,0.0,0.0,,33,21,,,,,,,,,,,
USW00094728,"NY CITY CENTRAL PARK, NY US",40.77898,-73.96925,42.7,2020-01-18,4.92,,,,0.37,,2.1,0.0,,37,20,,,1,1,,,,,1,,
USW00094728,"NY CITY CENTRAL PARK, NY US",40.77898,-73.96925,42.7,2020-01-19,8.95,,,,0.00,,0.0,1.2,,43,27,,,1,,,,,,,,
USW00094728,"NY CITY CENTRAL PARK, NY US",40.77898,-73.96925,42.7,2020-01-20,7.83,,,,0.00,,0.0,0.0,,31,20,,,,,,,,,,,
USW00094728,"NY CITY CENTRAL PARK, NY US",40.77898,-73.96925,42.7,2020-01-21,4.25,,,,0.00,,0.0,0.0,,33,20,,,,,,,,,,,
USW00094728,"NY CITY CENTRAL PARK, NY US",40.77898,-73.96925,42.7,2020-01-22,,,,,0.00,,0.0,0.0,,38,25,,,,,,,,,,,
USW00094728,"NY CITY CENTRAL PARK, NY US",40.77898,-73.96925,42.7,2020-01-23,,,,,0.00,,0.0,0.0,,47,33,,,,,,,,,,,
USW00094728,"NY CITY CENTRAL PARK, NY US",40.77898,-73.96925,42.7,2020-01-24,,,,,0.00,,0.0,0.0,,51,37,,,,,,,,,,,
USW00094728,"NY CITY CENTRAL PARK, NY US",40.77898,-73.96925,42.7,2020-01-25,,,,,0.85,,0.0,0.0,,51,38,,,1,,,,,,,,
USW00094728,"NY CITY CENTRAL PARK, NY US",40.77898,-73.96925,42.7,2020-01-26,,,,,0.00,,0.0,0.0,,46,38,,,,,,,,,,,
USW00094728,"NY CITY CENTRAL PARK, NY US",40.77898,-73.96925,42.7,2020-01-27,6.26,,,,0.00,,0.0,0.0,,45,37,,,,,,,,,,,
USW00094728,"NY CITY CENTRAL PARK, NY US",40.77898,-73.96925,42.7,2020-01-28,8.50,,,,0.00,,0.0,0.0,,43,37,,,,,,,,,,,
USW00094728,"NY CITY CENTRAL PARK, NY US",40.77898,-73.96925,42.7,2020-01-29,6.71,,,,0.00,,0.0,0.0,,41,31,,,,,,,,,,,
USW00094728,"NY CITY CENTRAL PARK, NY US",40.77898,-73.96925,42.7,2020-01-30,4.25,,,,0.00,,0.0,0.0,,38,25,,,,,,,,,,,
USW00094728,"NY CITY CENTRAL PARK, NY US",40.77898,-73.96925,42.7,2020-01-31,3.80,,,,0.02,,0.0,0.0,,44,33,,,1,,,,,,,,
USW00094728,"NY CITY CENTRAL PARK, NY US",40.77898,-73.96925,42.7,2020-02-01,2.01,,,,0.00,,0.0,0.0,,43,37,,,1,,,,,,1,,
USW00094728,"NY CITY CENTRAL PARK, NY US",40.77898,-73.96925,42.7,2020-02-02,4.92,,,,0.07,,0.0,0.0,,45,35,,,1,,,,,,,,
USW00094728,"NY CITY CENTRAL PARK, NY US",40.77898,-73.96925,42.7,2020-02-03,5.59,,,,0.00,,0.0,0.0,,57,37,,,1,,,,,,,,
USW00094728,"NY CITY CENTRAL PARK, NY US",40.77898,-73.96925,42.7,2020-02-04,3.36,,,,0.00,,0.0,0.0,,61,43,,,,,,,,,,,
USW00094728,"NY CITY CENTRAL PARK, NY US",40.77898,-73.96925,42.7,2020-02-05,5.82,,,,0.00,,0.0,0.0,,55,39,,,1,,,,,,,,
USW00094728,"NY CITY CENTRAL PARK, NY US",40.77898,-73.96925,42.7,2020-02-06,6.93,,,,0.51,,0.0,0.0,,41,35,,,1,,,,,,,,
USW00094728,"NY CITY CENTRAL PARK, NY US",40.77898,-73.96925,42.7,2020-02-07,9.62,,,,0.25,,0.0,0.0,,56,33,,,1,,,,,,,,
USW00094728,"NY CITY CENTRAL PARK, NY US",40.77898,-73.96925,42.7,2020-02-08,7.38,,,,0.00,,0.0,0.0,,41,30,,,,,,,,,,,
USW00094728,"NY CITY CENTRAL PARK, NY US",40.77898,-73.96925,42.7,2020-02-09,5.82,,,,0.00,,0.0,0.0,,44,31,,,,,,,,,,,
USW00094728,"NY CITY CENTRAL PARK, NY US",40.77898,-73.96925,42.7,2020-02-10,6.26,,,,0.37,,0.0,0.0,,47,42,,,1,,,,,,,,
USW00094728,"NY CITY CENTRAL PARK, NY US",40.77898,-73.96925,42.7,2020-02-11,3.58,,,,0.28,,0.0,0.0,,48,43,,,1,,,,,,,,
USW00094728,"NY CITY CENTRAL PARK, NY US",40.77898,-73.96925,42.7,2020-02-12,5.37,,,,0.13,,0.0,0.0,,46,37,,,1,,,,,,,,
USW00094728,"NY CITY CENTRAL PARK, NY US",40.77898,-73.96925,42.7,2020-02-13,4.25,,,,0.39,,0.0,0.0,,44,37,,,1,,,,,,,,
USW00094728,"NY CITY CENTRAL PARK, NY US",40.77898,-73.96925,42.7,2020-02-14,7.38,,,,0.00,,0.0,0.0,,40,18,,,,,,,,,,,
USW00094728,"NY CITY CENTRAL PARK, NY US",40.77898,-73.96925,42.7,2020-02-15,4.92,,,,0.00,,0.0,0.0,,31,14,,,,,,,,,,,
USW00094728,"NY CITY CENTRAL PARK, NY US",40.77898,-73.96925,42.7,2020-02-16,5.59,,,,0.00,,0.0,0.0,,44,30,,,,,,,,,,,
USW00094728,"NY CITY CENTRAL PARK, NY US",40.77898,-73.96925,42.7,2020-02-17,5.14,,,,0.00,,0.0,0.0,,51,38,,,,,,,,,,,
USW00094728,"NY CITY CENTRAL PARK, NY US",40.77898,-73.96925,42.7,2020-02-18,6.26,,,,0.00,,0.0,0.0,,47,38,,,1,,,,,,1,,
USW00094728,"NY CITY CENTRAL PARK, NY US",40.77898,-73.96925,42.7,2020-02-19,7.38,,,,0.00,,0.0,0.0,,48,32,,,1,,,,,,1,,
USW00094728,"NY CITY CENTRAL PARK, NY US",40.77898,-73.96925,42.7,2020-02-20,5.82,,,,0.00,,0.0,0.0,,35,26,,,,,,,,,,,
USW00094728,"NY CITY CENTRAL PARK, NY US",40.77898,-73.96925,42.7,2020-02-21,5.37,,,,0.00,,0.0,0.0,,35,20,,,,,,,,,,,
USW00094728,"NY CITY CENTRAL PARK, NY US",40.77898,-73.96925,42.7,2020-02-22,6.26,,,,0.00,,0.0,0.0,,50,30,,,,,,,,,,,
USW00094728,"NY CITY CENTRAL PARK, NY US",40.77898,-73.96925,42.7,2020-02-23,4.47,,,,0.00,,0.0,0.0,,56,39,,,,,,,,,,,
USW00094728,"NY CITY CENTRAL PARK, NY US",40.77898,-73.96925,42.7,2020-02-24,2.91,,,,0.00,,0.0,0.0,,62,41,,,,,,,,,,,
USW00094728,"NY CITY CENTRAL PARK, NY US",40.77898,-73.96925,42.7,2020-02-25,3.80,,,,0.14,,0.0,0.0,,53,46,,,1,,,,,,1,,
USW00094728,"NY CITY CENTRAL PARK, NY US",40.77898,-73.96925,42.7,2020-02-26,7.16,,,,0.00,,0.0,0.0,,48,43,,,1,,,,,,,,
USW00094728,"NY CITY CENTRAL PARK, NY US",40.77898,-73.96925,42.7,2020-02-27,12.75,,,,0.40,,0.0,0.0,,43,31,,,1,,,,,,,,
USW00094728,"NY CITY CENTRAL PARK, NY US",40.77898,-73.96925,42.7,2020-02-28,9.84,,,,0.00,,0.0,0.0,,42,29,,,,,,,,,,,
USW00094728,"NY CITY CENTRAL PARK, NY US",40.77898,-73.96925,42.7,2020-02-29,8.72,,,,0.00,,0.0,0.0,,35,25,,,,,,,,,,,
USW00094728,"NY CITY CENTRAL PARK, NY US",40.77898,-73.96925,42.7,2020-03-01,6.04,,,,0.00,,0.0,0.0,,44,25,,,,,,,,,,,
USW00094728,"NY CITY CENTRAL PARK, NY US",40.77898,-73.96925,42.7,2020-03-02,6.49,,,,0.00,,0.0,0.0,,58,40,,,,,,,,,,,
USW00094728,"NY CITY CENTRAL PARK, NY US",40.77898,-73.96925,42.7,2020-03-03,6.04,,,,0.26,,0.0,0.0,,59,49,,,1,,,,,,,,
USW00094728,"NY CITY CENTRAL PARK, NY US",40.77898,-73.96925,42.7,2020-03-04,10.29,,,,0.00,,0.0,0.0,,56,45,,,,,,,,,,,
USW00094728,"NY CITY CENTRAL PARK, NY US",40.77898,-73.96925,42.7,2020-03-05,5.37,,,,0.00,,0.0,0.0,,51,39,,,,,,,,,,,
USW00094728,"NY CITY CENTRAL PARK, NY US",40.77898,-73.96925,42.7,2020-03-06,7.61,,,,0.37,,0.0,0.0,,45,37,,,1,,,,,,,,
USW00094728,"NY CITY CENTRAL PARK, NY US",40.77898,-73.96925,42.7,2020-03-07,7.61,,,,0.00,,0.0,0.0,,48,36,,,,,,,,,,,
USW00094728,"NY CITY CENTRAL PARK, NY US",40.77898,-73.96925,42.7,2020-03-08,6.71,,,,0.00,,0.0,0.0,,59,35,,,,,,,,,,,
USW00094728,"NY CITY CENTRAL PARK, NY US",40.77898,-73.96925,42.7,2020-03-09,7.38,,,,0.00,,0.0,0.0,,72,47,,,,,,,,,,,
USW00094728,"NY CITY CENTRAL PARK, NY US",40.77898,-73.96925,42.7,2020-03-10,7.61,,,,0.00,,0.0,0.0,,65,54,,,,,,,,,,,
USW00094728,"NY CITY CENTRAL PARK, NY US",40.77898,-73.96925,42.7,2020-03-11,4.70,,,,0.00,,0.0,0.0,,57,43,,,,,,,,,,,
USW00094728,"NY CITY CENTRAL PARK, NY US",40.77898,-73.96925,42.7,2020-03-12,5.14,,,,0.03,,0.0,0.0,,50,43,,,1,,,,,,,,
USW00094728,"NY CITY CENTRAL PARK, NY US",40.77898,-73.96925,42.7,2020-03-13,8.72,,,,0.26,,0.0,0.0,,70,45,,,1,,,,,,,,
USW00094728,"NY CITY CENTRAL PARK, NY US",40.77898,-73.96925,42.7,2020-03-14,7.38,,,,0.00,,0.0,0.0,,57,43,,,,,,,,,,,
USW00094728,"NY CITY CENTRAL PARK, NY US",40.77898,-73.96925,42.7,2020-03-15,6.26,,,,0.00,,0.0,0.0,,54,40,,,,,,,,,1,,
USW00094728,"NY CITY CENTRAL PARK, NY US",40.77898,-73.96925,42.7,2020-03-16,8.95,,,,0.00,,0.0,0.0,,45,33,,,,,,,,,,,
USW00094728,"NY CITY CENTRAL PARK, NY US",40.77898,-73.96925,42.7,2020-03-17,4.25,,,,0.16,,0.0,0.0,,54,41,,,1,,,,,,1,,
USW00094728,"NY CITY CENTRAL PARK, NY US",40.77898,-73.96925,42.7,2020-03-18,4.47,,,,0.00,,0.0,0.0,,54,41,,,,,,,,,,,
USW00094728,"NY CITY CENTRAL PARK, NY US",40.77898,-73.96925,42.7,2020-03-19,4.70,,,,0.93,,0.0,0.0,,52,41,,,1,,,,,,,,
USW00094728,"NY CITY CENTRAL PARK, NY US",40.77898,-73.96925,42.7,2020-03-20,5.82,,,,0.00,,0.0,0.0,,77,47,,,1,,,,,,1,,
USW00094728,"NY CITY CENTRAL PARK, NY US",40.77898,-73.96925,42.7,2020-03-21,7.83,,,,0.00,,0.0,0.0,,65,40,,,,,,,,,,,
USW00094728,"NY CITY CENTRAL PARK, NY US",40.77898,-73.96925,42.7,2020-03-22,10.07,,,,0.00,,0.0,0.0,,45,33,,,,,,,,,,,
USW00094728,"NY CITY CENTRAL PARK, NY US",40.77898,-73.96925,42.7,2020-03-23,9.17,,,,1.16,,0.0,0.0,,41,36,,,1,,,,,,,,
USW00094728,"NY CITY CENTRAL PARK, NY US",40.77898,-73.96925,42.7,2020-03-24,6.71,,,,0.00,,0.0,0.0,,55,36,,,,,,,,,,,
USW00094728,"NY CITY CENTRAL PARK, NY US",40.77898,-73.96925,42.7,2020-03-25,9.84,,,,0.01,,0.0,0.0,,45,40,,,,,,,,,,,
USW00094728,"NY CITY CENTRAL PARK, NY US",40.77898,-73.96925,42.7,2020-03-26,4.47,,,,0.00,,0.0,0.0,,60,38,,,,,,,,,,,
USW00094728,"NY CITY CENTRAL PARK, NY US",40.77898,-73.96925,42.7,2020-03-27,4.92,,,,0.00,,0.0,0.0,,69,50,,,,,,,,,,,
USW00094728,"NY CITY CENTRAL PARK, NY US",40.77898,-73.96925,42.7,2020-03-28,7.38,,,,0.45,,0.0,0.0,,54,44,,,1,,,,,,,,
USW00094728,"NY CITY CENTRAL PARK, NY US",40.77898,-73.96925,42.7,2020-03-29,11.63,,,,0.05,,0.0,0.0,,47,44,,,1,,,,,,,,
USW00094728,"NY CITY CENTRAL PARK, NY US",40.77898,-73.96925,42.7,2020-03-30,4.70,,,,0.04,,0.0,0.0,,52,41,,,1,,,,,,,,
USW00094728,"NY CITY CENTRAL PARK, NY US",40.77898,-73.96925,42.7,2020-03-31,6.71,,,,0.06,,0.0,0.0,,49,41,,,1,,,,,,,,
USW00094728,"NY CITY CENTRAL PARK, NY US",40.77898,-73.96925,42.7,2020-04-01,7.61,,,,0.00,,0.0,0.0,,56,38,,,,,,,,,,,
USW00094728,"NY CITY CENTRAL PARK, NY US",40.77898,-73.96925,42.7,2020-04-02,9.40,,,,0.00,,0.0,0.0,,58,38,,,,,,,,,,,
USW00094728,"NY CITY CENTRAL PARK, NY US",40.77898,-73.96925,42.7,2020-04-03,8.72,,,,0.13,,0.0,0.0,,52,45,,,,,,,,,,,
USW00094728,"NY CITY CENTRAL PARK, NY US",40.77898,-73.96925,42.7,2020-04-04,4.25,,,,0.02,,0.0,0.0,,62,46,,,1,,,,,,,,
USW00094728,"NY CITY CENTRAL PARK, NY US",40.77898,-73.96925,42.7,2020-04-05,2.46,,,,0.00,,0.0,0.0,,65,47,,,,,,,,,,,
USW00094728,"NY CITY CENTRAL PARK, NY US",40.77898,-73.96925,42.7,2020-04-06,5.82,,,,0.07,,0.0,0.0,,66,49,,,1,,,,,,,,
USW00094728,"NY CITY CENTRAL PARK, NY US",40.77898,-73.96925,42.7,2020-04-07,3.80,,,,0.00,,0.0,0.0,,68,52,,,,,,,,,,,
USW00094728,"NY CITY CENTRAL PARK, NY US",40.77898,-73.96925,42.7,2020-04-08,3.80,,,,0.20,,0.0,0.0,,64,49,,,1,,,,,,1,,
USW00094728,"NY CITY CENTRAL PARK, NY US",40.77898,-73.96925,42.7,2020-04-09,7.83,,,,0.12,,0.0,0.0,,59,43,,,1,,1,,,,,,
USW00094728,"NY CITY CENTRAL PARK, NY US",40.77898,-73.96925,42.7,2020-04-10,10.07,,,,0.01,,0.0,0.0,,49,37,,,,,,,,,,,
USW00094728,"NY CITY CENTRAL PARK, NY US",40.77898,-73.96925,42.7,2020-04-11,8.95,,,,0.00,,0.0,0.0,,56,38,,,,,,,,,,,
USW00094728,"NY CITY CENTRAL PARK, NY US",40.77898,-73.96925,42.7,2020-04-12,5.82,,,,0.00,,0.0,0.0,,63,44,,,,,,,,,,,
USW00094728,"NY CITY CENTRAL PARK, NY US",40.77898,-73.96925,42.7,2020-04-13,7.83,,,,1.92,,0.0,0.0,,67,53,,,1,,,,,,,,
USW00094728,"NY CITY CENTRAL PARK, NY US",40.77898,-73.96925,42.7,2020-04-14,6.26,,,,0.00,,0.0,0.0,,60,47,,,,,,,,,,,
USW00094728,"NY CITY CENTRAL PARK, NY US",40.77898,-73.96925,42.7,2020-04-15,6.26,,,,0.00,,0.0,0.0,,54,42,,,,,,,,,,,
USW00094728,"NY CITY CENTRAL PARK, NY US",40.77898,-73.96925,42.7,2020-04-16,9.17,,,,0.00,,0.0,0.0,,50,38,,,,,,,,,,,
USW00094728,"NY CITY CENTRAL PARK, NY US",40.77898,-73.96925,42.7,2020-04-17,5.37,,,,0.07,,0.0,0.0,,51,36,,,1,,,,,,,,
USW00094728,"NY CITY CENTRAL PARK, NY US",40.77898,-73.96925,42.7,2020-04-18,5.82,,,,0.22,,0.0,0.0,,46,41,,,1,,,,,,,,
USW00094728,"NY CITY CENTRAL PARK, NY US",40.77898,-73.96925,42.7,2020-04-19,7.38,,,,0.00,,0.0,0.0,,63,40,,,,,,,,,,,
USW00094728,"NY CITY CENTRAL PARK, NY US",40.77898,-73.96925,42.7,2020-04-20,4.70,,,,0.00,,0.0,0.0,,57,48,,,,,,,,,,,
USW00094728,"NY CITY CENTRAL PARK, NY US",40.77898,-73.96925,42.7,2020-04-21,7.16,,,,0.18,,0.0,0.0,,61,39,,,1,,1,,,,,,
USW00094728,"NY CITY CENTRAL PARK, NY US",40.77898,-73.96925,42.7,2020-04-22,8.05,,,,0.00,,0.0,0.0,,51,36,,,,,,,,,,,
USW00094728,"NY CITY CENTRAL PARK, NY US",40.77898,-73.96925,42.7,2020-04-23,3.80,,,,0.13,,0.0,0.0,,52,40,,,1,,,,,,,,
USW00094728,"NY CITY CENTRAL PARK, NY US",40.77898,-73.96925,42.7,2020-04-24,7.16,,,,0.48,,0.0,0.0,,49,42,,,1,,,,,,,,
USW00094728,"NY CITY CENTRAL PARK, NY US",40.77898,-73.96925,42.7,2020-04-25,3.36,,,,0.00,,0.0,0.0,,65,44,,,,,,,,,,,
USW00094728,"NY CITY CENTRAL PARK, NY US",40.77898,-73.96925,42.7,2020-04-26,10.51,,,,0.22,,0.0,0.0,,51,42,,,1,,,,,,,,
USW00094728,"NY CITY CENTRAL PARK, NY US",40.77898,-73.96925,42.7,2020-04-27,7.38,,,,0.00,,0.0,0.0,,50,39,,,1,,,,,,,,
USW00094728,"NY CITY CENTRAL PARK, NY US",40.77898,-73.96925,42.7,2020-04-28,3.80,,,,0.00,,0.0,0.0,,67,41,,,,,,,,,,,
USW00094728,"NY CITY CENTRAL PARK, NY US",40.77898,-73.96925,42.7,2020-04-29,6.71,,,,0.01,,0.0,0.0,,59,47,,,,,,,,,,,
USW00094728,"NY CITY CENTRAL PARK, NY US",40.77898,-73.96925,42.7,2020-04-30,9.17,,,,0.71,,0.0,0.0,,60,49,,,1,,,,,,,,
USW00094728,"NY CITY CENTRAL PARK, NY US",40.77898,-73.96925,42.7,2020-05-01,3.80,,,,0.21,,0.0,0.0,,66,53,,,1,,,,,,,,
USW00094728,"NY CITY CENTRAL PARK, NY US",40.77898,-73.96925,42.7,2020-05-02,6.04,,,,0.00,,0.0,0.0,,73,51,,,,,,,,,,,
USW00094728,"NY CITY CENTRAL PARK, NY US",40.77898,-73.96925,42.7,2020-05-03,5.59,,,,0.04,,0.0,0.0,,80,54,,,1,,,,,,,,
USW00094728,"NY CITY CENTRAL PARK, NY US",40.77898,-73.96925,42.7,2020-05-04,5.82,,,,0.00,,0.0,0.0,,75,50,,,,,,,,,,,
USW00094728,"NY CITY CENTRAL PARK, NY US",40.77898,-73.96925,42.7,2020-05-05,6.71,,,,0.00,,0.0,0.0,,63,46,,,,,,,,,,,
USW00094728,"NY CITY CENTRAL PARK, NY US",40.77898,-73.96925,42.7,2020-05-06,5.59,,,,0.06,,0.0,0.0,,52,45,,,1,,,,,,,,
USW00094728,"NY CITY CENTRAL PARK, NY US",40.77898,-73.96925,42.7,2020-05-07,6.04,,,,0.00,,0.0,0.0,,67,46,,,,,,,,,,,
USW00094728,"NY CITY CENTRAL PARK, NY US",40.77898,-73.96925,42.7,2020-05-08,4.25,,,,0.45,,0.0,0.0,,57,36,,,1,,,,,,,,
USW00094728,"NY CITY CENTRAL PARK, NY US",40.77898,-73.96925,42.7,2020-05-09,8.95,,,,0.03,,0.0,0.0,,48,34,,,1,,,,,,,,
USW00094728,"NY CITY CENTRAL PARK, NY US",40.77898,-73.96925,42.7,2020-05-10,7.38,,,,0.00,,0.0,0.0,,64,39,,,,,,,,,,,
USW00094728,"NY CITY CENTRAL PARK, NY US",40.77898,-73.96925,42.7,2020-05-11,5.82,,,,0.05,,0.0,0.0,,61,44,,,1,,,,,,,,
USW00094728,"NY CITY CENTRAL PARK, NY US",40.77898,-73.96925,42.7,2020-05-12,7.83,,,,0.00,,0.0,0.0,,59,43,,,,,,,,,,,
USW00094728,"NY CITY CENTRAL PARK, NY US",40.77898,-73.96925,42.7,2020-05-13,5.37,,,,0.00,,0.0,0.0,,64,41,,,,,,,,,,,
USW00094728,"NY CITY CENTRAL PARK, NY US",40.77898,-73.96925,42.7,2020-05-14,2.24,,,,0.00,,0.0,0.0,,67,47,,,,,,,,,,,
USW00094728,"NY CITY CENTRAL PARK, NY US",40.77898,-73.96925,42.7,2020-05-15,4.92,,,,0.07,,0.0,0.0,,84,60,,,1,,,,,,1,,
USW00094728,"NY CITY CENTRAL PARK, NY US",40.77898,-73.96925,42.7,2020-05-16,3.80,,,,0.01,,0.0,0.0,,77,59,,,,,,,,,,,
USW00094728,"NY CITY CENTRAL PARK, NY US",40.77898,-73.96925,42.7,2020-05-17,3.13,,,,0.00,,0.0,0.0,,69,55,,,,,,,,,,,
USW00094728,"NY CITY CENTRAL PARK, NY US",40.77898,-73.96925,42.7,2020-05-18,,,,,0.00,,0.0,0.0,,70,54,,,,,,,,,,,
USW00094728,"NY CITY CENTRAL PARK, NY US",40.77898,-73.96925,42.7,2020-05-19,,,,,0.00,,0.0,0.0,,68,53,,,,,,,,,,,
USW00094728,"NY CITY CENTRAL PARK, NY US",40.77898,-73.96925,42.7,2020-05-20,,,,,0.00,,0.0,0.0,,66,49,,,,,,,,,,,
USW00094728,"NY CITY CENTRAL PARK, NY US",40.77898,-73.96925,42.7,2020-05-21,,,,,0.00,,0.0,0.0,,68,46,,,,,,,,,,,
USW00094728,"NY CITY CENTRAL PARK, NY US",40.77898,-73.96925,42.7,2020-05-22,,,,,0.03,,0.0,0.0,,77,54,,,1,,,,,,,,
USW00094728,"NY CITY CENTRAL PARK, NY US",40.77898,-73.96925,42.7,2020-05-23,,,,,0.65,,0.0,0.0,,67,55,,,1,1,1,,,,,,
USW00094728,"NY CITY CENTRAL PARK, NY US",40.77898,-73.96925,42.7,2020-05-24,,,,,0.00,,0.0,0.0,,67,52,,,,,,,,,,,
USW00094728,"NY CITY CENTRAL PARK, NY US",40.77898,-73.96925,42.7,2020-05-25,,,,,0.00,,0.0,0.0,,71,55,,,1,,,,,,,,
USW00094728,"NY CITY CENTRAL PARK, NY US",40.77898,-73.96925,42.7,2020-05-26,,,,,0.00,,0.0,0.0,,78,58,,,1,,,,,,1,,
USW00094728,"NY CITY CENTRAL PARK, NY US",40.77898,-73.96925,42.7,2020-05-27,,,,,0.00,,0.0,0.0,,79,60,,,,,,,,,1,,
USW00094728,"NY CITY CENTRAL PARK, NY US",40.77898,-73.96925,42.7,2020-05-28,,,,,0.00,,0.0,0.0,,76,64,,,1,,,,,,,,
USW00094728,"NY CITY CENTRAL PARK, NY US",40.77898,-73.96925,42.7,2020-05-29,,,,,0.03,,0.0,0.0,,81,67,,,1,,1,,,,,,
USW00094728,"NY CITY CENTRAL PARK, NY US",40.77898,-73.96925,42.7,2020-05-30,,,,,0.02,,0.0,0.0,,81,67,,,,,,,,,,,
USW00094728,"NY CITY CENTRAL PARK, NY US",40.77898,-73.96925,42.7,2020-05-31,,,,,0.00,,0.0,0.0,,70,56,,,,,,,,,,,
USW00094728,"NY CITY CENTRAL PARK, NY US",40.77898,-73.96925,42.7,2020-06-01,,,,,0.00,,0.0,0.0,,70,51,,,,,,,,,,,
USW00094728,"NY CITY CENTRAL PARK, NY US",40.77898,-73.96925,42.7,2020-06-02,,,,,0.00,,0.0,0.0,,72,59,,,,,,,,,,,
USW00094728,"NY CITY CENTRAL PARK, NY US",40.77898,-73.96925,42.7,2020-06-03,,,,,0.45,,0.0,0.0,,79,60,,,1,,1,,,,,,
USW00094728,"NY CITY CENTRAL PARK, NY US",40.77898,-73.96925,42.7,2020-06-04,,,,,0.16,,0.0,0.0,,84,66,,,1,,,,,,,,
USW00094728,"NY CITY CENTRAL PARK, NY US",40.77898,-73.96925,42.7,2020-06-05,,,,,0.26,,0.0,0.0,,79,69,,,1,,1,,,,,,
USW00094728,"NY CITY CENTRAL PARK, NY US",40.77898,-73.96925,42.7,2020-06-06,,,,,0.06,,0.0,0.0,,86,70,,,1,,1,,,,,,
USW00094728,"NY CITY CENTRAL PARK, NY US",40.77898,-73.96925,42.7,2020-06-07,,,,,0.00,,0.0,0.0,,76,63,,,,,,,,,,,
USW00094728,"NY CITY CENTRAL PARK, NY US",40.77898,-73.96925,42.7,2020-06-08,,,,,0.00,,0.0,0.0,,79,59,,,,,,,,,,,
USW00094728,"NY CITY CENTRAL PARK, NY US",40.77898,-73.96925,42.7,2020-06-09,,,,,0.00,,0.0,0.0,,87,65,,,,,,,,,,,
USW00094728,"NY CITY CENTRAL PARK, NY US",40.77898,-73.96925,42.7,2020-06-10,,,,,0.00,,0.0,0.0,,85,70,,,,,,,,,,,
USW00094728,"NY CITY CENTRAL PARK, NY US",40.77898,-73.96925,42.7,2020-06-11,,,,,0.05,,0.0,0.0,,84,70,,,1,,,,,,,,
USW00094728,"NY CITY CENTRAL PARK, NY US",40.77898,-73.96925,42.7,2020-06-12,,,,,0.00,,0.0,0.0,,85,69,,,,,,,,,,,
USW00094728,"NY CITY CENTRAL PARK, NY US",40.77898,-73.96925,42.7,2020-06-13,,,,,0.00,,0.0,0.0,,75,59,,,,,,,,,,,
USW00094728,"NY CITY CENTRAL PARK, NY US",40.77898,-73.96925,42.7,2020-06-14,,,,,0.00,,0.0,0.0,,74,54,,,,,,,,,,,
USW00094728,"NY CITY CENTRAL PARK, NY US",40.77898,-73.96925,42.7,2020-06-15,,,,,0.00,,0.0,0.0,,75,59,,,,,,,,,,,
USW00094728,"NY CITY CENTRAL PARK, NY US",40.77898,-73.96925,42.7,2020-06-16,,,,,0.00,,0.0,0.0,,78,60,,,,,,,,,,,
USW00094728,"NY CITY CENTRAL PARK, NY US",40.77898,-73.96925,42.7,2020-06-17,,,,,0.00,,0.0,0.0,,78,60,,,,,,,,,,,
USW00094728,"NY CITY CENTRAL PARK, NY US",40.77898,-73.96925,42.7,2020-06-18,,,,,0.00,,0.0,0.0,,77,65,,,1,,,,,,,,
USW00094728,"NY CITY CENTRAL PARK, NY US",40.77898,-73.96925,42.7,2020-06-19,2.46,,,,0.00,,0.0,0.0,,83,65,,,1,,,,,,,,
USW00094728,"NY CITY CENTRAL PARK, NY US",40.77898,-73.96925,42.7,2020-06-20,1.79,,,,0.00,,0.0,0.0,,86,70,,,,,,,,,,,
USW00094728,"NY CITY CENTRAL PARK, NY US",40.77898,-73.96925,42.7,2020-06-21,2.46,,,,0.00,,0.0,0.0,,88,70,,,,,,,,,,,
USW00094728,"NY CITY CENTRAL PARK, NY US",40.77898,-73.96925,42.7,2020-06-22,2.91,,,,0.00,,0.0,0.0,,90,72,,,,,,,,,,,
USW00094728,"NY CITY CENTRAL PARK, NY US",40.77898,-73.96925,42.7,2020-06-23,2.46,,,,0.00,,0.0,0.0,,87,74,,,1,,,,,,1,,
USW00094728,"NY CITY CENTRAL PARK, NY US",40.77898,-73.96925,42.7,2020-06-24,4.25,,,,0.00,,0.0,0.0,,86,74,,,,,,,,,,,
USW00094728,"NY CITY CENTRAL PARK, NY US",40.77898,-73.96925,42.7,2020-06-25,2.91,,,,0.00,,0.0,0.0,,87,72,,,,,,,,,,,
USW00094728,"NY CITY CENTRAL PARK, NY US",40.77898,-73.96925,42.7,2020-06-26,3.58,,,,0.00,,0.0,0.0,,87,69,,,,,,,,,,,
USW00094728,"NY CITY CENTRAL PARK, NY US",40.77898,-73.96925,42.7,2020-06-27,2.68,,,,0.09,,0.0,0.0,,80,72,,,1,,,,,,,,
USW00094728,"NY CITY CENTRAL PARK, NY US",40.77898,-73.96925,42.7,2020-06-28,2.24,,,,0.11,,0.0,0.0,,90,70,,,1,,1,,,,,,
USW00094728,"NY CITY CENTRAL PARK, NY US",40.77898,-73.96925,42.7,2020-06-29,3.36,,,,0.58,,0.0,0.0,,87,65,,,1,,1,,,,,,
USW00094728,"NY CITY CENTRAL PARK, NY US",40.77898,-73.96925,42.7,2020-06-30,3.13,,,,0.00,,0.0,0.0,,80,67,,,,,1,,,,,,
USW00094728,"NY CITY CENTRAL PARK, NY US",40.77898,-73.96925,42.7,2020-07-01,2.24,,,,0.03,,0.0,0.0,,80,67,,,,,1,,,,,,
USW00094728,"NY CITY CENTRAL PARK, NY US",40.77898,-73.96925,42.7,2020-07-02,3.36,,,,0.00,,0.0,0.0,,92,68,,,,,,,,,,,
USW00094728,"NY CITY CENTRAL PARK, NY US",40.77898,-73.96925,42.7,2020-07-03,3.58,,,,0.13,,0.0,0.0,,90,71,,,1,,1,,,,1,,
USW00094728,"NY CITY CENTRAL PARK, NY US",40.77898,-73.96925,42.7,2020-07-04,4.47,,,,0.00,,0.0,0.0,,87,68,,,1,,,,,,1,,
USW00094728,"NY CITY CENTRAL PARK, NY US",40.77898,-73.96925,42.7,2020-07-05,2.46,,,,0.00,,0.0,0.0,,92,72,,,,,,,,,1,,
USW00094728,"NY CITY CENTRAL PARK, NY US",40.77898,-73.96925,42.7,2020-07-06,2.91,,,,0.54,,0.0,0.0,,96,70,,,1,,1,,,,,,
USW00094728,"NY CITY CENTRAL PARK, NY US",40.77898,-73.96925,42.7,2020-07-07,4.25,,,,0.00,,0.0,0.0,,82,72,,,,,,,,,,,
USW00094728,"NY CITY CENTRAL PARK, NY US",40.77898,-73.96925,42.7,2020-07-08,2.46,,,,0.02,,0.0,0.0,,83,75,,,1,,,,,,,,
USW00094728,"NY CITY CENTRAL PARK, NY US",40.77898,-73.96925,42.7,2020-07-09,2.68,,,,0.00,,0.0,0.0,,89,75,,,,,,,,,1,,
USW00094728,"NY CITY CENTRAL PARK, NY US",40.77898,-73.96925,42.7,2020-07-10,7.16,,,,2.54,,0.0,0.0,,77,73,,,1,1,,,,,,,
USW00094728,"NY CITY CENTRAL PARK, NY US",40.77898,-73.96925,42.7,2020-07-11,3.36,,,,0.76,,0.0,0.0,,83,72,,,1,,,,,,1,,
USW00094728,"NY CITY CENTRAL PARK, NY US",40.77898,-73.96925,42.7,2020-07-12,4.92,,,,0.04,,0.0,0.0,,87,71,,,1,,,,,,,,
USW00094728,"NY CITY CENTRAL PARK, NY US",40.77898,-73.96925,42.7,2020-07-13,4.03,,,,0.02,,0.0,0.0,,86,70,,,1,,,,,,,,
USW00094728,"NY CITY CENTRAL PARK, NY US",40.77898,-73.96925,42.7,2020-07-14,4.70,,,,0.00,,0.0,0.0,,85,70,,,,,,,,,,,
USW00094728,"NY CITY CENTRAL PARK, NY US",40.77898,-73.96925,42.7,2020-07-15,5.82,,,,0.00,,0.0,0.0,,82,70,,,,,,,,,,,
USW00094728,"NY CITY CENTRAL PARK, NY US",40.77898,-73.96925,42.7,2020-07-16,3.80,,,,0.00,,0.0,0.0,,78,69,,,,,,,,,,,
USW00094728,"NY CITY CENTRAL PARK, NY US",40.77898,-73.96925,42.7,2020-07-17,2.01,,,,0.03,,0.0,0.0,,84,69,,,,,,,,,,,
USW00094728,"NY CITY CENTRAL PARK, NY US",40.77898,-73.96925,42.7,2020-07-18,1.34,,,,0.00,,0.0,0.0,,91,72,,,1,,,,,,,,
USW00094728,"NY CITY CENTRAL PARK, NY US",40.77898,-73.96925,42.7,2020-07-19,4.25,,,,0.00,,0.0,0.0,,94,77,,,,,,,,,,,
USW00094728,"NY CITY CENTRAL PARK, NY US",40.77898,-73.96925,42.7,2020-07-20,3.80,,,,0.00,,0.0,0.0,,93,81,,,,,,,,,,,
USW00094728,"NY CITY CENTRAL PARK, NY US",40.77898,-73.96925,42.7,2020-07-21,1.79,,,,0.00,,0.0,0.0,,91,77,,,,,,,,,,,
USW00094728,"NY CITY CENTRAL PARK, NY US",40.77898,-73.96925,42.7,2020-07-22,2.91,,,,1.42,,0.0,0.0,,92,72,,,1,1,1,,,,,,
USW00094728,"NY CITY CENTRAL PARK, NY US",40.77898,-73.96925,42.7,2020-07-23,4.47,,,,0.00,,0.0,0.0,,86,73,,,,,,,,,,,
USW00094728,"NY CITY CENTRAL PARK, NY US",40.77898,-73.96925,42.7,2020-07-24,3.13,,,,0.19,,0.0,0.0,,80,72,,,1,,1,,,,1,,
USW00094728,"NY CITY CENTRAL PARK, NY US",40.77898,-73.96925,42.7,2020-07-25,3.80,,,,0.00,,0.0,0.0,,88,72,,,1,,,,,,1,,
USW00094728,"NY CITY CENTRAL PARK, NY US",40.77898,-73.96925,42.7,2020-07-26,5.37,,,,0.00,,0.0,0.0,,92,77,,,,,,,,,,,
USW00094728,"NY CITY CENTRAL PARK, NY US",40.77898,-73.96925,42.7,2020-07-27,5.14,,,,0.00,,0.0,0.0,,93,76,,,,,,,,,,,
USW00094728,"NY CITY CENTRAL PARK, NY US",40.77898,-73.96925,42.7,2020-07-28,4.70,,,,0.00,,0.0,0.0,,93,80,,,,,,,,,,,
USW00094728,"NY CITY CENTRAL PARK, NY US",40.77898,-73.96925,42.7,2020-07-29,1.57,,,,0.00,,0.0,0.0,,90,77,,,,,,,,,,,
USW00094728,"NY CITY CENTRAL PARK, NY US",40.77898,-73.96925,42.7,2020-07-30,2.91,,,,0.08,,0.0,0.0,,92,74,,,1,,,,,,,,
USW00094728,"NY CITY CENTRAL PARK, NY US",40.77898,-73.96925,42.7,2020-07-31,1.57,,,,0.78,,0.0,0.0,,82,70,,,1,,1,,,,,,
USW00094728,"NY CITY CENTRAL PARK, NY US",40.77898,-73.96925,42.7,2020-08-01,2.24,,,,0.00,,0.0,0.0,,88,71,,,,,,,,,,,
USW00094728,"NY CITY CENTRAL PARK, NY US",40.77898,-73.96925,42.7,2020-08-02,4.03,,,,0.00,,0.0,0.0,,89,77,,,,,,,,,,,
USW00094728,"NY CITY CENTRAL PARK, NY US",40.77898,-73.96925,42.7,2020-08-03,4.47,,,,0.54,,0.0,0.0,,88,70,,,1,,1,,,,,,
USW00094728,"NY CITY CENTRAL PARK, NY US",40.77898,-73.96925,42.7,2020-08-04,7.16,,,,0.55,,0.0,0.0,,79,70,,,1,,1,,,,,,
USW00094728,"NY CITY CENTRAL PARK, NY US",40.77898,-73.96925,42.7,2020-08-05,4.25,,,,0.00,,0.0,0.0,,86,73,,,,,,,,,,,
USW00094728,"NY CITY CENTRAL PARK, NY US",40.77898,-73.96925,42.7,2020-08-06,2.24,,,,0.00,,0.0,0.0,,82,71,,,,,,,,,,,
USW00094728,"NY CITY CENTRAL PARK, NY US",40.77898,-73.96925,42.7,2020-08-07,4.03,,,,0.46,,0.0,0.0,,81,66,,,1,,1,,,,,,
USW00094728,"NY CITY CENTRAL PARK, NY US",40.77898,-73.96925,42.7,2020-08-08,2.46,,,,0.00,,0.0,0.0,,83,68,,,1,,,,,,,,
USW00094728,"NY CITY CENTRAL PARK, NY US",40.77898,-73.96925,42.7,2020-08-09,3.58,,,,0.00,,0.0,0.0,,87,72,,,1,,,,,,1,,
USW00094728,"NY CITY CENTRAL PARK, NY US",40.77898,-73.96925,42.7,2020-08-10,4.70,,,,0.00,,0.0,0.0,,92,76,,,,,,,,,,,
USW00094728,"NY CITY CENTRAL PARK, NY US",40.77898,-73.96925,42.7,2020-08-11,3.36,,,,0.00,,0.0,0.0,,88,78,,,1,,,,,,,,
USW00094728,"NY CITY CENTRAL PARK, NY US",40.77898,-73.96925,42.7,2020-08-12,2.46,,,,1.76,,0.0,0.0,,90,72,,,1,,1,,,,1,,
USW00094728,"NY CITY CENTRAL PARK, NY US",40.77898,-73.96925,42.7,2020-08-13,2.01,,,,0.24,,0.0,0.0,,79,72,,,1,,1,,,,,,
USW00094728,"NY CITY CENTRAL PARK, NY US",40.77898,-73.96925,42.7,2020-08-14,5.82,,,,0.00,,0.0,0.0,,86,73,,,,,,,,,,,
USW00094728,"NY CITY CENTRAL PARK, NY US",40.77898,-73.96925,42.7,2020-08-15,6.26,,,,0.00,,0.0,0.0,,84,71,,,,,,,,,,,
USW00094728,"NY CITY CENTRAL PARK, NY US",40.77898,-73.96925,42.7,2020-08-16,7.83,,,,0.21,,0.0,0.0,,72,67,,,1,,,,,,,,
USW00094728,"NY CITY CENTRAL PARK, NY US",40.77898,-73.96925,42.7,2020-08-17,2.46,,,,0.14,,0.0,0.0,,81,64,,,1,,1,,,,,,
USW00094728,"NY CITY CENTRAL PARK, NY US",40.77898,-73.96925,42.7,2020-08-18,2.91,,,,0.20,,0.0,0.0,,82,63,,,1,,1,,,,,,
USW00094728,"NY CITY CENTRAL PARK, NY US",40.77898,-73.96925,42.7,2020-08-19,3.13,,,,0.14,,0.0,0.0,,75,66,,,1,,1,,,,,,
USW00094728,"NY CITY CENTRAL PARK, NY US",40.77898,-73.96925,42.7,2020-08-20,3.13,,,,0.00,,0.0,0.0,,80,62,,,,,,,,,,,
USW00094728,"NY CITY CENTRAL PARK, NY US",40.77898,-73.96925,42.7,2020-08-21,6.04,,,,0.00,,0.0,0.0,,83,68,,,,,,,,,,,
USW00094728,"NY CITY CENTRAL PARK, NY US",40.77898,-73.96925,42.7,2020-08-22,4.03,,,,0.00,,0.0,0.0,,88,73,,,,,1,,,,,,
USW00094728,"NY CITY CENTRAL PARK, NY US",40.77898,-73.96925,42.7,2020-08-23,2.46,,,,0.00,,0.0,0.0,,86,74,,,,,,,,,,,
USW00094728,"NY CITY CENTRAL PARK, NY US",40.77898,-73.96925,42.7,2020-08-24,3.13,,,,0.00,,0.0,0.0,,90,75,,,,,,,,,,,
USW00094728,"NY CITY CENTRAL PARK, NY US",40.77898,-73.96925,42.7,2020-08-25,5.59,,,,0.36,,0.0,0.0,,89,71,,,1,,1,,,,,,
USW00094728,"NY CITY CENTRAL PARK, NY US",40.77898,-73.96925,42.7,2020-08-26,6.26,,,,0.00,,0.0,0.0,,77,67,,,,,,,,,,,
USW00094728,"NY CITY CENTRAL PARK, NY US",40.77898,-73.96925,42.7,2020-08-27,3.58,,,,0.42,,0.0,0.0,,90,66,,,1,,1,,,,,,
USW00094728,"NY CITY CENTRAL PARK, NY US",40.77898,-73.96925,42.7,2020-08-28,3.58,,,,0.00,,0.0,0.0,,85,71,,,,,,,,,,,
USW00094728,"NY CITY CENTRAL PARK, NY US",40.77898,-73.96925,42.7,2020-08-29,4.25,,,,0.01,,0.0,0.0,,81,72,,,1,,,,,,,,
USW00094728,"NY CITY CENTRAL PARK, NY US",40.77898,-73.96925,42.7,2020-08-30,7.61,,,,0.00,,0.0,0.0,,79,67,,,,,,,,,,,
USW00094728,"NY CITY CENTRAL PARK, NY US",40.77898,-73.96925,42.7,2020-08-31,3.36,,,,0.00,,0.0,0.0,,77,63,,,,,,,,,,,
USW00094728,"NY CITY CENTRAL PARK, NY US",40.77898,-73.96925,42.7,2020-09-01,3.80,,,,0.23,,0.0,0.0,,77,66,,,1,,,,,,,,
USW00094728,"NY CITY CENTRAL PARK, NY US",40.77898,-73.96925,42.7,2020-09-02,2.91,,,,0.14,,0.0,0.0,,79,69,,,1,,,,,,,,
USW00094728,"NY CITY CENTRAL PARK, NY US",40.77898,-73.96925,42.7,2020-09-03,2.91,,,,0.71,,0.0,0.0,,85,70,,,1,,,,,,,,
USW00094728,"NY CITY CENTRAL PARK, NY US",40.77898,-73.96925,42.7,2020-09-04,4.47,,,,0.00,,0.0,0.0,,85,69,,,1,,,,,,,,
USW00094728,"NY CITY CENTRAL PARK, NY US",40.77898,-73.96925,42.7,2020-09-05,3.80,,,,0.00,,0.0,0.0,,80,65,,,,,,,,,,,
USW00094728,"NY CITY CENTRAL PARK, NY US",40.77898,-73.96925,42.7,2020-09-06,3.58,,,,0.00,,0.0,0.0,,82,66,,,,,,,,,,,
USW00094728,"NY CITY CENTRAL PARK, NY US",40.77898,-73.96925,42.7,2020-09-07,2.46,,,,0.00,,0.0,0.0,,79,66,,,,,,,,,,,
USW00094728,"NY CITY CENTRAL PARK, NY US",40.77898,-73.96925,42.7,2020-09-08,2.01,,,,0.00,,0.0,0.0,,84,68,,,,,,,,,,,
USW00094728,"NY CITY CENTRAL PARK, NY US",40.77898,-73.96925,42.7,2020-09-09,2.46,,,,0.00,,0.0,0.0,,81,69,,,1,,,,,,,,
USW00094728,"NY CITY CENTRAL PARK, NY US",40.77898,-73.96925,42.7,2020-09-10,2.68,,,,1.20,,0.0,0.0,,82,73,,,1,,,,,,,,
USW00094728,"NY CITY CENTRAL PARK, NY US",40.77898,-73.96925,42.7,2020-09-11,5.59,,,,0.00,,0.0,0.0,,76,64,,,1,,,,,,,,
USW00094728,"NY CITY CENTRAL PARK, NY US",40.77898,-73.96925,42.7,2020-09-12,5.37,,,,0.00,,0.0,0.0,,74,61,,,,,,,,,,,
USW00094728,"NY CITY CENTRAL PARK, NY US",40.77898,-73.96925,42.7,2020-09-13,2.91,,,,0.00,,0.0,0.0,,74,61,,,,,,,,,,,
USW00094728,"NY CITY CENTRAL PARK, NY US",40.77898,-73.96925,42.7,2020-09-14,4.92,,,,0.00,,0.0,0.0,,75,59,,,,,,,,,,,
USW00094728,"NY CITY CENTRAL PARK, NY US",40.77898,-73.96925,42.7,2020-09-15,3.80,,,,0.00,,0.0,0.0,,66,54,,,,,,,,,,,
USW00094728,"NY CITY CENTRAL PARK, NY US",40.77898,-73.96925,42.7,2020-09-16,2.68,,,,0.00,,0.0,0.0,,71,56,,,,,,,,,,,
USW00094728,"NY CITY CENTRAL PARK, NY US",40.77898,-73.96925,42.7,2020-09-17,2.01,,,,0.00,,0.0,0.0,,75,64,,,,,,,,,,,
USW00094728,"NY CITY CENTRAL PARK, NY US",40.77898,-73.96925,42.7,2020-09-18,8.28,,,,0.00,,0.0,0.0,,70,55,,,,,,,,,,,
USW00094728,"NY CITY CENTRAL PARK, NY US",40.77898,-73.96925,42.7,2020-09-19,6.93,,,,0.00,,0.0,0.0,,63,50,,,,,,,,,,,
USW00094728,"NY CITY CENTRAL PARK, NY US",40.77898,-73.96925,42.7,2020-09-20,6.49,,,,0.00,,0.0,0.0,,65,50,,,,,,,,,,,
USW00094728,"NY CITY CENTRAL PARK, NY US",40.77898,-73.96925,42.7,2020-09-21,4.70,,,,0.00,,0.0,0.0,,65,49,,,,,,,,,,,
USW00094728,"NY CITY CENTRAL PARK, NY US",40.77898,-73.96925,42.7,2020-09-22,3.80,,,,0.00,,0.0,0.0,,71,48,,,,,,,,,,,
USW00094728,"NY CITY CENTRAL PARK, NY US",40.77898,-73.96925,42.7,2020-09-23,5.14,,,,0.00,,0.0,0.0,,79,57,,,,,,,,,,,
USW00094728,"NY CITY CENTRAL PARK, NY US",40.77898,-73.96925,42.7,2020-09-24,2.68,,,,0.00,,0.0,0.0,,75,62,,,,,,,,,,,
USW00094728,"NY CITY CENTRAL PARK, NY US",40.77898,-73.96925,42.7,2020-09-25,2.01,,,,0.00,,0.0,0.0,,77,62,,,1,,,,,,1,,
USW00094728,"NY CITY CENTRAL PARK, NY US",40.77898,-73.96925,42.7,2020-09-26,2.91,,,,0.00,,0.0,0.0,,74,65,,,,,,,,,1,,
USW00094728,"NY CITY CENTRAL PARK, NY US",40.77898,-73.96925,42.7,2020-09-27,2.68,,,,0.03,,0.0,0.0,,79,67,,,1,,,,,,,,
USW00094728,"NY CITY CENTRAL PARK, NY US",40.77898,-73.96925,42.7,2020-09-28,2.91,,,,0.02,,0.0,0.0,,77,69,,,1,,,,,,,,
USW00094728,"NY CITY CENTRAL PARK, NY US",40.77898,-73.96925,42.7,2020-09-29,3.80,,,,0.47,,0.0,0.0,,74,67,,,1,,,,,,,,
USW00094728,"NY CITY CENTRAL PARK, NY US",40.77898,-73.96925,42.7,2020-09-30,6.26,,,,1.14,,0.0,0.0,,71,60,,,1,,,,,,,,
USW00094728,"NY CITY CENTRAL PARK, NY US",40.77898,-73.96925,42.7,2020-10-01,3.80,,,,0.00,,0.0,0.0,,72,60,,,,,,,,,,,
USW00094728,"NY CITY CENTRAL PARK, NY US",40.77898,-73.96925,42.7,2020-10-02,3.80,,,,0.04,,0.0,0.0,,65,53,,,1,,,,,,,,
USW00094728,"NY CITY CENTRAL PARK, NY US",40.77898,-73.96925,42.7,2020-10-03,4.47,,,,0.00,,0.0,0.0,,66,52,,,,,,,,,,,
USW00094728,"NY CITY CENTRAL PARK, NY US",40.77898,-73.96925,42.7,2020-10-04,4.03,,,,0.00,,0.0,0.0,,67,51,,,,,,,,,,,
USW00094728,"NY CITY CENTRAL PARK, NY US",40.77898,-73.96925,42.7,2020-10-05,2.68,,,,0.00,,0.0,0.0,,70,53,,,,,,,,,,,
USW00094728,"NY CITY CENTRAL PARK, NY US",40.77898,-73.96925,42.7,2020-10-06,3.13,,,,0.00,,0.0,0.0,,69,57,,,,,,,,,,,
USW00094728,"NY CITY CENTRAL PARK, NY US",40.77898,-73.96925,42.7,2020-10-07,8.28,,,,0.02,,0.0,0.0,,74,60,,,,,,,,,1,,
USW00094728,"NY CITY CENTRAL PARK, NY US",40.77898,-73.96925,42.7,2020-10-08,7.83,,,,0.00,,0.0,0.0,,64,53,,,,,,,,,,,
USW00094728,"NY CITY CENTRAL PARK, NY US",40.77898,-73.96925,42.7,2020-10-09,2.46,,,,0.00,,0.0,0.0,,69,50,,,,,,,,,,,
USW00094728,"NY CITY CENTRAL PARK, NY US",40.77898,-73.96925,42.7,2020-10-10,6.04,,,,0.00,,0.0,0.0,,71,58,,,,,,,,,,,
USW00094728,"NY CITY CENTRAL PARK, NY US",40.77898,-73.96925,42.7,2020-10-11,5.82,,,,0.00,,0.0,0.0,,67,57,,,,,,,,,,,
USW00094728,"NY CITY CENTRAL PARK, NY US",40.77898,-73.96925,42.7,2020-10-12,8.72,,,,0.96,,0.0,0.0,,57,49,,,1,,,,,,,,
USW00094728,"NY CITY CENTRAL PARK, NY US",40.77898,-73.96925,42.7,2020-10-13,6.26,,,,0.34,,0.0,0.0,,58,53,,,1,,,,,,,,
USW00094728,"NY CITY CENTRAL PARK, NY US",40.77898,-73.96925,42.7,2020-10-14,4.25,,,,0.00,,0.0,0.0,,67,50,,,,,,,,,,,
USW00094728,"NY CITY CENTRAL PARK, NY US",40.77898,-73.96925,42.7,2020-10-15,4.70,,,,0.00,,0.0,0.0,,71,57,,,,,,,,,,,
USW00094728,"NY CITY CENTRAL PARK, NY US",40.77898,-73.96925,42.7,2020-10-16,4.47,,,,1.36,,0.0,0.0,,66,47,,,1,,,,,,,,
USW00094728,"NY CITY CENTRAL PARK, NY US",40.77898,-73.96925,42.7,2020-10-17,3.58,,,,0.01,,0.0,0.0,,59,44,,,,,,,,,,,
USW00094728,"NY CITY CENTRAL PARK, NY US",40.77898,-73.96925,42.7,2020-10-18,3.80,,,,0.00,,0.0,0.0,,62,46,,,,,,,,,,,
USW00094728,"NY CITY CENTRAL PARK, NY US",40.77898,-73.96925,42.7,2020-10-19,2.46,,,,0.00,,0.0,0.0,,65,51,,,,,,,,,,,
USW00094728,"NY CITY CENTRAL PARK, NY US",40.77898,-73.96925,42.7,2020-10-20,1.57,,,,0.00,,0.0,0.0,,71,57,,,1,,,,,,,,
USW00094728,"NY CITY CENTRAL PARK, NY US",40.77898,-73.96925,42.7,2020-10-21,1.34,,,,0.00,,0.0,0.0,,68,59,,,1,,,,,,,,
USW00094728,"NY CITY CENTRAL PARK, NY US",40.77898,-73.96925,42.7,2020-10-22,0.89,,,,0.00,,0.0,0.0,,68,64,,,1,,,,,,1,,
USW00094728,"NY CITY CENTRAL PARK, NY US",40.77898,-73.96925,42.7,2020-10-23,1.12,,,,0.00,,0.0,0.0,,69,63,,,1,,,,,,,,
USW00094728,"NY CITY CENTRAL PARK, NY US",40.77898,-73.96925,42.7,2020-10-24,4.47,,,,0.00,,0.0,0.0,,69,48,,,,,,,,,,,
USW00094728,"NY CITY CENTRAL PARK, NY US",40.77898,-73.96925,42.7,2020-10-25,5.82,,,,0.02,,0.0,0.0,,53,45,,,1,,,,,,,,
USW00094728,"NY CITY CENTRAL PARK, NY US",40.77898,-73.96925,42.7,2020-10-26,4.03,,,,0.02,,0.0,0.0,,59,51,,,1,,,,,,,,
USW00094728,"NY CITY CENTRAL PARK, NY US",40.77898,-73.96925,42.7,2020-10-27,2.91,,,,0.00,,0.0,0.0,,59,52,,,1,1,,,,,,,
USW00094728,"NY CITY CENTRAL PARK, NY US",40.77898,-73.96925,42.7,2020-10-28,2.68,,,,0.11,,0.0,0.0,,57,52,,,1,,,,,,,,
USW00094728,"NY CITY CENTRAL PARK, NY US",40.77898,-73.96925,42.7,2020-10-29,8.95,,,,1.53,,0.0,0.0,,56,46,,,1,,,,,,,,
USW00094728,"NY CITY CENTRAL PARK, NY US",40.77898,-73.96925,42.7,2020-10-30,7.61,,,,0.64,,0.0,0.0,,47,37,,,1,,,,,,,,
USW00094728,"NY CITY CENTRAL PARK, NY US",40.77898,-73.96925,42.7,2020-10-31,2.68,,,,0.00,,0.0,0.0,,46,32,,,,,,,,,,,
USW00094728,"NY CITY CENTRAL PARK, NY US",40.77898,-73.96925,42.7,2020-11-01,5.82,,,,0.40,,0.0,0.0,,55,43,,,1,,,,,,,,
USW00094728,"NY CITY CENTRAL PARK, NY US",40.77898,-73.96925,42.7,2020-11-02,10.51,,,,0.00,,0.0,0.0,,44,38,,,,,,,,,,,
USW00094728,"NY CITY CENTRAL PARK, NY US",40.77898,-73.96925,42.7,2020-11-03,8.72,,,,0.00,,0.0,0.0,,53,40,,,,,,,,,,,
USW00094728,"NY CITY CENTRAL PARK, NY US",40.77898,-73.96925,42.7,2020-11-04,3.36,,,,0.00,,0.0,0.0,,62,40,,,,,,,,,,,
USW00094728,"NY CITY CENTRAL PARK, NY US",40.77898,-73.96925,42.7,2020-11-05,4.03,,,,0.00,,0.0,0.0,,67,52,,,1,,,,,,,,
USW00094728,"NY CITY CENTRAL PARK, NY US",40.77898,-73.96925,42.7,2020-11-06,4.70,,,,0.00,,0.0,0.0,,70,56,,,,,,,,,,,
USW00094728,"NY CITY CENTRAL PARK, NY US",40.77898,-73.96925,42.7,2020-11-07,3.58,,,,0.00,,0.0,0.0,,74,56,,,,,,,,,,,
USW00094728,"NY CITY CENTRAL PARK, NY US",40.77898,-73.96925,42.7,2020-11-08,1.79,,,,0.00,,0.0,0.0,,75,56,,,,,,,,,,,
USW00094728,"NY CITY CENTRAL PARK, NY US",40.77898,-73.96925,42.7,2020-11-09,1.34,,,,0.00,,0.0,0.0,,75,54,,,,,,,,,1,,
USW00094728,"NY CITY CENTRAL PARK, NY US",40.77898,-73.96925,42.7,2020-11-10,5.14,,,,0.00,,0.0,0.0,,74,60,,,,,,,,,,,
USW00094728,"NY CITY CENTRAL PARK, NY US",40.77898,-73.96925,42.7,2020-11-11,2.91,,,,0.78,,0.0,0.0,,72,64,,,1,,,,,,,,
USW00094728,"NY CITY CENTRAL PARK, NY US",40.77898,-73.96925,42.7,2020-11-12,6.71,,,,0.24,,0.0,0.0,,68,46,,,1,,,,,,,,
USW00094728,"NY CITY CENTRAL PARK, NY US",40.77898,-73.96925,42.7,2020-11-13,4.03,,,,0.19,,0.0,0.0,,50,47,,,1,,,,,,1,,
USW00094728,"NY CITY CENTRAL PARK, NY US",40.77898,-73.96925,42.7,2020-11-14,4.70,,,,0.00,,0.0,0.0,,52,42,,,,,,,,,,,
USW00094728,"NY CITY CENTRAL PARK, NY US",40.77898,-73.96925,42.7,2020-11-15,7.38,,,,0.07,,0.0,0.0,,64,41,,,1,,,,,,,,
USW00094728,"NY CITY CENTRAL PARK, NY US",40.77898,-73.96925,42.7,2020-11-16,6.71,,,,0.00,,0.0,0.0,,55,44,,,,,,,,,,,
USW00094728,"NY CITY CENTRAL PARK, NY US",40.77898,-73.96925,42.7,2020-11-17,7.16,,,,0.00,,0.0,0.0,,50,36,,,,,,,,,,,
USW00094728,"NY CITY CENTRAL PARK, NY US",40.77898,-73.96925,42.7,2020-11-18,9.17,,,,0.00,,0.0,0.0,,36,30,,,,,,,,,,,
USW00094728,"NY CITY CENTRAL PARK, NY US",40.77898,-73.96925,42.7,2020-11-19,5.14,,,,0.00,,0.0,0.0,,48,30,,,,,,,,,,,
USW00094728,"NY CITY CENTRAL PARK, NY US",40.77898,-73.96925,42.7,2020-11-20,6.04,,,,0.00,,0.0,0.0,,63,45,,,,,,,,,,,
USW00094728,"NY CITY CENTRAL PARK, NY US",40.77898,-73.96925,42.7,2020-11-21,4.25,,,,0.00,,0.0,0.0,,64,49,,,,,,,,,,,
USW00094728,"NY CITY CENTRAL PARK, NY US",40.77898,-73.96925,42.7,2020-11-22,7.61,,,,0.00,,0.0,0.0,,59,44,,,1,,,,,,,,
USW00094728,"NY CITY CENTRAL PARK, NY US",40.77898,-73.96925,42.7,2020-11-23,7.38,,,,0.54,,0.0,0.0,,60,42,,,1,,,,,,,,
USW00094728,"NY CITY CENTRAL PARK, NY US",40.77898,-73.96925,42.7,2020-11-24,5.82,,,,0.00,,0.0,0.0,,48,41,,,,,,,,,,,
USW00094728,"NY CITY CENTRAL PARK, NY US",40.77898,-73.96925,42.7,2020-11-25,3.80,,,,0.00,,0.0,0.0,,56,45,,,,,,,,,,,
USW00094728,"NY CITY CENTRAL PARK, NY US",40.77898,-73.96925,42.7,2020-11-26,4.70,,,,0.79,,0.0,0.0,,65,55,,,1,,,,,,,,
USW00094728,"NY CITY CENTRAL PARK, NY US",40.77898,-73.96925,42.7,2020-11-27,3.36,,,,0.00,,0.0,0.0,,63,51,,,,,,,,,,,
USW00094728,"NY CITY CENTRAL PARK, NY US",40.77898,-73.96925,42.7,2020-11-28,4.92,,,,0.00,,0.0,0.0,,56,44,,,,,,,,,,,
USW00094728,"NY CITY CENTRAL PARK, NY US",40.77898,-73.96925,42.7,2020-11-29,2.24,,,,0.00,,0.0,0.0,,54,41,,,,,,,,,,,
USW00094728,"NY CITY CENTRAL PARK, NY US",40.77898,-73.96925,42.7,2020-11-30,6.26,,,,0.98,,0.0,0.0,,63,50,,,1,,,,,,,,
USW00094728,"NY CITY CENTRAL PARK, NY US",40.77898,-73.96925,42.7,2020-12-01,5.82,,,,0.00,,0.0,0.0,,62,37,,,,,,,,,,,
USW00094728,"NY CITY CENTRAL PARK, NY US",40.77898,-73.96925,42.7,2020-12-02,10.51,,,,0.00,,0.0,0.0,,43,36,,,,,,,,,,,
USW00094728,"NY CITY CENTRAL PARK, NY US",40.77898,-73.96925,42.7,2020-12-03,6.71,,,,0.00,,0.0,0.0,,50,35,,,,,,,,,,,
USW00094728,"NY CITY CENTRAL PARK, NY US",40.77898,-73.96925,42.7,2020-12-04,4.92,,,,0.11,,0.0,0.0,,52,44,,,1,,,,,,,,
USW00094728,"NY CITY CENTRAL PARK, NY US",40.77898,-73.96925,42.7,2020-12-05,8.72,,,,1.02,,0.0,0.0,,47,39,,,1,,,,,,,,
USW00094728,"NY CITY CENTRAL PARK, NY US",40.77898,-73.96925,42.7,2020-12-06,10.74,,,,0.00,,0.0,0.0,,40,33,,,,,,,,,,,
USW00094728,"NY CITY CENTRAL PARK, NY US",40.77898,-73.96925,42.7,2020-12-07,6.04,,,,0.00,,0.0,0.0,,40,32,,,,,,,,,,,
USW00094728,"NY CITY CENTRAL PARK, NY US",40.77898,-73.96925,42.7,2020-12-08,8.50,,,,0.00,,0.0,0.0,,36,30,,,,,,,,,,,
USW00094728,"NY CITY CENTRAL PARK, NY US",40.77898,-73.96925,42.7,2020-12-09,6.49,,,,0.05,,0.0,0.0,,38,31,,,1,,,,,,1,,
USW00094728,"NY CITY CENTRAL PARK, NY US",40.77898,-73.96925,42.7,2020-12-10,6.26,,,,0.00,,0.0,0.0,,49,36,,,,,,,,,,,
USW00094728,"NY CITY CENTRAL PARK, NY US",40.77898,-73.96925,42.7,2020-12-11,3.58,,,,0.00,,0.0,0.0,,57,39,,,,,,,,,,,
USW00094728,"NY CITY CENTRAL PARK, NY US",40.77898,-73.96925,42.7,2020-12-12,3.80,,,,0.00,,0.0,0.0,,58,46,,,1,,,,,,1,,
USW00094728,"NY CITY CENTRAL PARK, NY US",40.77898,-73.96925,42.7,2020-12-13,6.93,,,,0.00,,0.0,0.0,,62,47,,,,,,,,,,,
USW00094728,"NY CITY CENTRAL PARK, NY US",40.77898,-73.96925,42.7,2020-12-14,4.47,,,,0.26,,0.0,0.0,,47,35,,,1,,,,,,,,
USW00094728,"NY CITY CENTRAL PARK, NY US",40.77898,-73.96925,42.7,2020-12-15,7.61,,,,0.00,,0.0,0.0,,39,30,,,,,,,,,,,
USW00094728,"NY CITY CENTRAL PARK, NY US",40.77898,-73.96925,42.7,2020-12-16,11.18,,,,0.86,,6.5,0.0,,31,24,,,1,1,,,,,1,,
USW00094728,"NY CITY CENTRAL PARK, NY US",40.77898,-73.96925,42.7,2020-12-17,9.40,,,,0.66,,4.0,9.1,,33,24,,,1,1,,,,,1,,
USW00094728,"NY CITY CENTRAL PARK, NY US",40.77898,-73.96925,42.7,2020-12-18,6.49,,,,0.00,,0.0,7.9,,32,24,,,,,,,,,,,
USW00094728,"NY CITY CENTRAL PARK, NY US",40.77898,-73.96925,42.7,2020-12-19,2.91,,,,0.00,,0.0,7.1,,32,20,,,,,,,,,,,
USW00094728,"NY CITY CENTRAL PARK, NY US",40.77898,-73.96925,42.7,2020-12-20,2.24,,,,0.01,,0.0,5.9,,40,31,,,1,,,,,,1,,
USW00094728,"NY CITY CENTRAL PARK, NY US",40.77898,-73.96925,42.7,2020-12-21,3.58,,,,0.00,,0.0,5.1,,46,37,,,1,,,,,,1,,
USW00094728,"NY CITY CENTRAL PARK, NY US",40.77898,-73.96925,42.7,2020-12-22,6.93,,,,0.00,,0.0,3.1,,46,38,,,1,,,,,,1,,
USW00094728,"NY CITY CENTRAL PARK, NY US",40.77898,-73.96925,42.7,2020-12-23,4.92,,,,0.00,,0.0,2.0,,45,36,,,,,,,,,,,
USW00094728,"NY CITY CENTRAL PARK, NY US",40.77898,-73.96925,42.7,2020-12-24,8.50,,,,0.24,,0.0,1.2,,59,43,,,1,,,,,,1,,
USW00094728,"NY CITY CENTRAL PARK, NY US",40.77898,-73.96925,42.7,2020-12-25,10.51,,,,0.92,,0.0,0.0,,61,29,,,1,,,,,,,,
USW00094728,"NY CITY CENTRAL PARK, NY US",40.77898,-73.96925,42.7,2020-12-26,9.40,,,,0.00,,0.0,0.0,,32,24,,,,,,,,,,,
USW00094728,"NY CITY CENTRAL PARK, NY US",40.77898,-73.96925,42.7,2020-12-27,4.03,,,,0.00,,0.0,0.0,,37,24,,,,,,,,,,,
USW00094728,"NY CITY CENTRAL PARK, NY US",40.77898,-73.96925,42.7,2020-12-28,5.37,,,,0.00,,0.0,0.0,,50,35,,,,,,,,,,,
USW00094728,"NY CITY CENTRAL PARK, NY US",40.77898,-73.96925,42.7,2020-12-29,8.95,,,,0.00,,0.0,0.0,,43,30,,,,,,,,,,,
USW00094728,"NY CITY CENTRAL PARK, NY US",40.77898,-73.96925,42.7,2020-12-30,5.14,,,,0.00,,0.0,0.0,,43,28,,,,,,,,,,,
USW00094728,"NY CITY CENTRAL PARK, NY US",40.77898,-73.96925,42.7,2020-12-31,5.14,,,,0.48,,0.0,0.0,,48,36,,,1,,,,,,,,
USW00094728,"NY CITY CENTRAL PARK, NY US",40.77898,-73.96925,42.7,2021-01-01,5.59,,,,0.62,,0.0,0.0,,40,33,,,1,,,,,,,,
USW00094728,"NY CITY CENTRAL PARK, NY US",40.77898,-73.96925,42.7,2021-01-02,6.71,,,,0.05,,0.0,0.0,,51,36,,,1,,,,,,,,
USW00094728,"NY CITY CENTRAL PARK, NY US",40.77898,-73.96925,42.7,2021-01-03,9.17,,,,0.22,,0.0,0.0,,38,34,,,1,,,,,,,,
USW00094728,"NY CITY CENTRAL PARK, NY US",40.77898,-73.96925,42.7,2021-01-04,4.47,,,,0.02,,0.0,0.0,,43,35,,,1,,,,,,,,
USW00094728,"NY CITY CENTRAL PARK, NY US",40.77898,-73.96925,42.7,2021-01-05,4.92,,,,0.00,,0.0,0.0,,42,36,,,,,,,,,,,
USW00094728,"NY CITY CENTRAL PARK, NY US",40.77898,-73.96925,42.7,2021-01-06,8.28,,,,0.00,,0.0,0.0,,41,34,,,,,,,,,,,
USW00094728,"NY CITY CENTRAL PARK, NY US",40.77898,-73.96925,42.7,2021-01-07,6.93,,,,0.00,,0.0,0.0,,41,30,,,,,,,,,,,
USW00094728,"NY CITY CENTRAL PARK, NY US",40.77898,-73.96925,42.7,2021-01-08,6.04,,,,0.00,,0.0,0.0,,37,27,,,,,,,,,,,
USW00094728,"NY CITY CENTRAL PARK, NY US",40.77898,-73.96925,42.7,2021-01-09,6.93,,,,0.00,,0.0,0.0,,37,24,,,,,,,,,,,
USW00094728,"NY CITY CENTRAL PARK, NY US",40.77898,-73.96925,42.7,2021-01-10,4.25,,,,0.00,,0.0,0.0,,41,29,,,,,,,,,,,
USW00094728,"NY CITY CENTRAL PARK, NY US",40.77898,-73.96925,42.7,2021-01-11,2.46,,,,0.00,,0.0,0.0,,37,28,,,,,,,,,,,
USW00094728,"NY CITY CENTRAL PARK, NY US",40.77898,-73.96925,42.7,2021-01-12,4.47,,,,0.00,,0.0,0.0,,44,33,,,,,,,,,,,
USW00094728,"NY CITY CENTRAL PARK, NY US",40.77898,-73.96925,42.7,2021-01-13,3.13,,,,0.00,,0.0,0.0,,43,35,,,,,,,,,,,
USW00094728,"NY CITY CENTRAL PARK, NY US",40.77898,-73.96925,42.7,2021-01-14,2.01,,,,0.00,,0.0,0.0,,49,39,,,,,,,,,1,,
USW00094728,"NY CITY CENTRAL PARK, NY US",40.77898,-73.96925,42.7,2021-01-15,8.05,,,,0.38,,0.0,0.0,,46,38,,,1,,1,,,,1,,
USW00094728,"NY CITY CENTRAL PARK, NY US",40.77898,-73.96925,42.7,2021-01-16,8.50,,,,0.78,,0.0,0.0,,47,37,,,1,,,,,,,,
USW00094728,"NY CITY CENTRAL PARK, NY US",40.77898,-73.96925,42.7,2021-01-17,8.28,,,,0.00,,0.0,0.0,,44,35,,,,,,,,,,,
USW00094728,"NY CITY CENTRAL PARK, NY US",40.77898,-73.96925,42.7,2021-01-18,7.61,,,,0.00,,0.0,0.0,,45,37,,,,,,,,,,,
USW00094728,"NY CITY CENTRAL PARK, NY US",40.77898,-73.96925,42.7,2021-01-19,5.82,,,,0.00,,0.0,0.0,,43,35,,,,,,,,,,,
USW00094728,"NY CITY CENTRAL PARK, NY US",40.77898,-73.96925,42.7,2021-01-20,7.61,,,,0.02,,0.0,0.0,,40,27,,,1,,,,,,,,
USW00094728,"NY CITY CENTRAL PARK, NY US",40.77898,-73.96925,42.7,2021-01-21,3.80,,,,0.00,,0.0,0.0,,43,25,,,,,,,,,,,
USW00094728,"NY CITY CENTRAL PARK, NY US",40.77898,-73.96925,42.7,2021-01-22,7.61,,,,0.00,,0.0,0.0,,45,36,,,,,,,,,,,
USW00094728,"NY CITY CENTRAL PARK, NY US",40.77898,-73.96925,42.7,2021-01-23,11.41,,,,0.00,,0.0,0.0,,36,24,,,,,,,,,,,
USW00094728,"NY CITY CENTRAL PARK, NY US",40.77898,-73.96925,42.7,2021-01-24,10.07,,,,0.00,,0.0,0.0,,32,22,,0,,,,,,,,,
USW00094728,"NY CITY CENTRAL PARK, NY US",40.77898,-73.96925,42.7,2021-01-25,5.14,,,,0.00,,0.0,0.0,,37,23,,,,,,,,,,,
USW00094728,"NY CITY CENTRAL PARK, NY US",40.77898,-73.96925,42.7,2021-01-26,7.16,,,,0.10,,0.1,0.0,,34,31,,,1,,,,,,1,,
USW00094728,"NY CITY CENTRAL PARK, NY US",40.77898,-73.96925,42.7,2021-01-27,5.82,,,,0.00,,0.0,0.0,,37,31,,,1,,,,,,,,
USW00094728,"NY CITY CENTRAL PARK, NY US",40.77898,-73.96925,42.7,2021-01-28,10.29,,,,0.00,,0.0,0.0,,34,20,,,,,,,,,,,
USW00094728,"NY CITY CENTRAL PARK, NY US",40.77898,-73.96925,42.7,2021-01-29,13.87,,,,0.00,,0.0,0.0,,25,14,,,,,,,,,,,
USW00094728,"NY CITY CENTRAL PARK, NY US",40.77898,-73.96925,42.7,2021-01-30,7.61,,,,0.00,,0.0,0.0,,32,17,,,,,,,,,,,
USW00094728,"NY CITY CENTRAL PARK, NY US",40.77898,-73.96925,42.7,2021-01-31,6.71,,,,0.12,,2.0,0.0,,26,20,,,1,,,,,,1,,
USW00094728,"NY CITY CENTRAL PARK, NY US",40.77898,-73.96925,42.7,2021-02-01,14.32,,,,1.85,,14.8,5.1,,34,22,,,1,1,,,,,,,
USW00094728,"NY CITY CENTRAL PARK, NY US",40.77898,-73.96925,42.7,2021-02-02,8.50,,,,0.13,,0.4,14.2,,33,30,,,1,,,,,,1,,
USW00094728,"NY CITY CENTRAL PARK, NY US",40.77898,-73.96925,42.7,2021-02-03,7.61,,,,0.01,,0.2,13.0,,37,29,,,1,,,,,,1,,
USW00094728,"NY CITY CENTRAL PARK, NY US",40.77898,-73.96925,42.7,2021-02-04,6.93,,,,0.00,,0.0,11.0,,43,31,,,,,,,,,,,
USW00094728,"NY CITY CENTRAL PARK, NY US",40.77898,-73.96925,42.7,2021-02-05,4.92,,,,0.07,,0.0,9.1,,47,37,,,,,,,,,,,
USW00094728,"NY CITY CENTRAL PARK, NY US",40.77898,-73.96925,42.7,2021-02-06,6.93,,,,0.00,,0.0,7.1,,44,34,,,,,,,,,,,
USW00094728,"NY CITY CENTRAL PARK, NY US",40.77898,-73.96925,42.7,2021-02-07,6.26,,,,0.39,,4.5,5.9,,40,24,,,1,1,,,,,1,,
USW00094728,"NY CITY CENTRAL PARK, NY US",40.77898,-73.96925,42.7,2021-02-08,6.49,,,,0.00,,0.0,9.8,,29,17,,,,,,,,,,,
USW00094728,"NY CITY CENTRAL PARK, NY US",40.77898,-73.96925,42.7,2021-02-09,4.92,,,,0.00,,0.0,9.1,,33,27,,,1,,,,,,1,,
USW00094728,"NY CITY CENTRAL PARK, NY US",40.77898,-73.96925,42.7,2021-02-10,4.03,,,,0.01,,0.0,9.1,,35,26,,,,,,,,,,,
USW00094728,"NY CITY CENTRAL PARK, NY US",40.77898,-73.96925,42.7,2021-02-11,6.04,,,,0.10,,1.3,9.1,,33,26,,,1,,,,,,1,,
USW00094728,"NY CITY CENTRAL PARK, NY US",40.77898,-73.96925,42.7,2021-02-12,5.37,,,,0.00,,0.0,7.9,,30,20,,,,,,,,,,,
USW00094728,"NY CITY CENTRAL PARK, NY US",40.77898,-73.96925,42.7,2021-02-13,6.93,,,,0.00,,0.0,7.9,,30,25,,,,,,1,,1,,,
USW00094728,"NY CITY CENTRAL PARK, NY US",40.77898,-73.96925,42.7,2021-02-14,4.25,,,,0.00,,0.0,7.9,,38,27,,,,,,1,,,,,
USW00094728,"NY CITY CENTRAL PARK, NY US",40.77898,-73.96925,42.7,2021-02-15,5.82,,,,0.02,,0.0,7.1,,36,31,,,1,,,1,,,1,,
USW00094728,"NY CITY CENTRAL PARK, NY US",40.77898,-73.96925,42.7,2021-02-16,7.83,,,,0.82,,0.0,5.9,,51,34,,,1,,,1,,,,,
USW00094728,"NY CITY CENTRAL PARK, NY US",40.77898,-73.96925,42.7,2021-02-17,7.16,,,,0.00,,0.0,3.1,,34,22,,,,,,,,,,,
USW00094728,"NY CITY CENTRAL PARK, NY US",40.77898,-73.96925,42.7,2021-02-18,7.83,,,,0.45,,3.2,2.0,,30,24,,,1,1,,,,1,1,,
USW00094728,"NY CITY CENTRAL PARK, NY US",40.77898,-73.96925,42.7,2021-02-19,6.93,,,,0.14,,1.2,5.1,,33,28,,,1,,,,,1,1,,
USW00094728,"NY CITY CENTRAL PARK, NY US",40.77898,-73.96925,42.7,2021-02-20,8.05,,,,0.00,,0.0,5.9,,35,26,,,,,,,,,,,
USW00094728,"NY CITY CENTRAL PARK, NY US",40.77898,-73.96925,42.7,2021-02-21,5.82,,,,0.00,,0.0,5.1,,37,24,,,,,,,,,,,
USW00094728,"NY CITY CENTRAL PARK, NY US",40.77898,-73.96925,42.7,2021-02-22,3.36,,,,0.52,,0.4,3.1,,39,32,,,1,1,,,,,,,
USW00094728,"NY CITY CENTRAL PARK, NY US",40.77898,-73.96925,42.7,2021-02-23,6.04,,,,0.01,,0.0,3.1,,45,36,,,,,,,,,1,,
USW00094728,"NY CITY CENTRAL PARK, NY US",40.77898,-73.96925,42.7,2021-02-24,6.49,,,,0.00,,0.0,2.0,,54,39,,,,,,,,,,,
USW00094728,"NY CITY CENTRAL PARK, NY US",40.77898,-73.96925,42.7,2021-02-25,8.72,,,,0.00,,0.0,0.0,,50,40,,,,,,,,,,,
USW00094728,"NY CITY CENTRAL PARK, NY US",40.77898,-73.96925,42.7,2021-02-26,4.25,,,,0.00,,0.0,0.0,,45,33,,,,,,,,,,,
USW00094728,"NY CITY CENTRAL PARK, NY US",40.77898,-73.96925,42.7,2021-02-27,4.70,,,,0.39,,0.0,0.0,,50,38,,,1,,,,,,,,
USW00094728,"NY CITY CENTRAL PARK, NY US",40.77898,-73.96925,42.7,2021-02-28,5.14,,,,0.22,,0.0,0.0,,45,41,,,1,,,,,,,,
USW00094728,"NY CITY CENTRAL PARK, NY US",40.77898,-73.96925,42.7,2021-03-01,8.95,,,,0.16,,0.0,0.0,,49,31,,,1,,,,,,,,
USW00094728,"NY CITY CENTRAL PARK, NY US",40.77898,-73.96925,42.7,2021-03-02,10.74,,,,0.00,,0.0,0.0,,33,21,,,,,,,,,,,
USW00094728,"NY CITY CENTRAL PARK, NY US",40.77898,-73.96925,42.7,2021-03-03,6.04,,,,0.00,,0.0,0.0,,52,32,,,,,,,,,,,
USW00094728,"NY CITY CENTRAL PARK, NY US",40.77898,-73.96925,42.7,2021-03-04,10.51,,,,0.00,,0.0,0.0,,45,27,,,,,,,,,,,
USW00094728,"NY CITY CENTRAL PARK, NY US",40.77898,-73.96925,42.7,2021-03-05,11.63,,,,0.00,,0.0,0.0,,37,23,,,,,,,,,,,
USW00094728,"NY CITY CENTRAL PARK, NY US",40.77898,-73.96925,42.7,2021-03-06,8.72,,,,0.00,,0.0,0.0,,34,29,,,,,,,,,,,
USW00094728,"NY CITY CENTRAL PARK, NY US",40.77898,-73.96925,42.7,2021-03-07,7.16,,,,0.00,,0.0,0.0,,41,29,,,,,,,,,,,
USW00094728,"NY CITY CENTRAL PARK, NY US",40.77898,-73.96925,42.7,2021-03-08,4.92,,,,0.00,,0.0,0.0,,43,26,,,,,,,,,,,
USW00094728,"NY CITY CENTRAL PARK, NY US",40.77898,-73.96925,42.7,2021-03-09,7.38,,,,0.00,,0.0,0.0,,64,42,,,,,,,,,,,
USW00094728,"NY CITY CENTRAL PARK, NY US",40.77898,-73.96925,42.7,2021-03-10,6.04,,,,0.00,,0.0,0.0,,54,41,,,,,,,,,,,
USW00094728,"NY CITY CENTRAL PARK, NY US",40.77898,-73.96925,42.7,2021-03-11,2.68,,,,0.00,,0.0,0.0,,71,44,,,1,,,,,,1,,
USW00094728,"NY CITY CENTRAL PARK, NY US",40.77898,-73.96925,42.7,2021-03-12,7.38,,,,0.00,,0.0,0.0,,68,52,,,,,,,,,,,
USW00094728,"NY CITY CENTRAL PARK, NY US",40.77898,-73.96925,42.7,2021-03-13,8.05,,,,0.00,,0.0,0.0,,52,33,,,,,,,,,,,
USW00094728,"NY CITY CENTRAL PARK, NY US",40.77898,-73.96925,42.7,2021-03-14,10.96,,,,0.00,,0.0,0.0,,54,31,,,,,,,,,,,
USW00094728,"NY CITY CENTRAL PARK, NY US",40.77898,-73.96925,42.7,2021-03-15,8.50,,,,0.00,,0.0,0.0,,39,24,,,,,,,,,,,
USW00094728,"NY CITY CENTRAL PARK, NY US",40.77898,-73.96925,42.7,2021-03-16,4.70,,,,0.00,,0.0,0.0,,37,29,,,,,,1,,,,,
USW00094728,"NY CITY CENTRAL PARK, NY US",40.77898,-73.96925,42.7,2021-03-17,2.91,,,,0.00,,0.0,0.0,,47,34,,,,,,,,,,,
USW00094728,"NY CITY CENTRAL PARK, NY US",40.77898,-73.96925,42.7,2021-03-18,6.04,,,,0.60,,0.0,0.0,,47,41,,,1,,,,,,1,,
USW00094728,"NY CITY CENTRAL PARK, NY US",40.77898,-73.96925,42.7,2021-03-19,11.41,,,,0.07,,0.0,0.0,,43,31,,,,,,,,,,,
USW00094728,"NY CITY CENTRAL PARK, NY US",40.77898,-73.96925,42.7,2021-03-20,2.68,,,,0.00,,0.0,0.0,,59,33,,,,,,,,,,,
USW00094728,"NY CITY CENTRAL PARK, NY US",40.77898,-73.96925,42.7,2021-03-21,3.13,,,,0.00,,0.0,0.0,,63,42,,,,,,,,,,,
USW00094728,"NY CITY CENTRAL PARK, NY US",40.77898,-73.96925,42.7,2021-03-22,3.80,,,,0.00,,0.0,0.0,,62,42,,,,,,,,,1,,
USW00094728,"NY CITY CENTRAL PARK, NY US",40.77898,-73.96925,42.7,2021-03-23,4.70,,,,0.00,,0.0,0.0,,66,43,,,1,,,,,,1,,
USW00094728,"NY CITY CENTRAL PARK, NY US",40.77898,-73.96925,42.7,2021-03-24,4.03,,,,1.27,,0.0,0.0,,56,47,,,1,,,,,,,,
USW00094728,"NY CITY CENTRAL PARK, NY US",40.77898,-73.96925,42.7,2021-03-25,3.58,,,,0.01,,0.0,0.0,,68,49,,,1,,,,,,1,,
USW00094728,"NY CITY CENTRAL PARK, NY US",40.77898,-73.96925,42.7,2021-03-26,8.05,,,,0.19,,0.0,0.0,,82,52,,,1,,,,,,1,,
USW00094728,"NY CITY CENTRAL PARK, NY US",40.77898,-73.96925,42.7,2021-03-27,5.59,,,,0.00,,0.0,0.0,,69,50,,,,,,,,,,,
USW00094728,"NY CITY CENTRAL PARK, NY US",40.77898,-73.96925,42.7,2021-03-28,6.71,,,,0.76,,0.0,0.0,,60,48,,,1,,,,,,,,
USW00094728,"NY CITY CENTRAL PARK, NY US",40.77898,-73.96925,42.7,2021-03-29,10.07,,,,0.00,,0.0,0.0,,55,45,,,,,,,,,,,
USW00094728,"NY CITY CENTRAL PARK, NY US",40.77898,-73.96925,42.7,2021-03-30,6.04,,,,0.00,,0.0,0.0,,61,42,,,,,,,,,,,
USW00094728,"NY CITY CENTRAL PARK, NY US",40.77898,-73.96925,42.7,2021-03-31,4.92,,,,0.35,,0.0,0.0,,67,50,,,1,,,,,,,,
USW00094728,"NY CITY CENTRAL PARK, NY US",40.77898,-73.96925,42.7,2021-04-01,10.74,,,,0.03,,0.0,0.0,,58,38,,,1,,,,,,,,
USW00094728,"NY CITY CENTRAL PARK, NY US",40.77898,-73.96925,42.7,2021-04-02,9.62,,,,0.00,,0.0,0.0,,39,28,,,,,,,,,,,
USW00094728,"NY CITY CENTRAL PARK, NY US",40.77898,-73.96925,42.7,2021-04-03,,,,,0.00,,0.0,0.0,,53,32,,,,,,,,,,,
USW00094728,"NY CITY CENTRAL PARK, NY US",40.77898,-73.96925,42.7,2021-04-04,,,,,0.00,,0.0,0.0,,65,45,,,,,,,,,,,
USW00094728,"NY CITY CENTRAL PARK, NY US",40.77898,-73.96925,42.7,2021-04-05,8.72,,,,0.00,,0.0,0.0,,68,48,,,,,,,,,,,
USW00094728,"NY CITY CENTRAL PARK, NY US",40.77898,-73.96925,42.7,2021-04-06,5.37,,,,0.00,,0.0,0.0,,70,47,,,,,,,,,,,
USW00094728,"NY CITY CENTRAL PARK, NY US",40.77898,-73.96925,42.7,2021-04-07,2.91,,,,0.00,,0.0,0.0,,72,51,,,,,,,,,,,
USW00094728,"NY CITY CENTRAL PARK, NY US",40.77898,-73.96925,42.7,2021-04-08,4.25,,,,0.00,,0.0,0.0,,70,49,,,,,,,,,,,
USW00094728,"NY CITY CENTRAL PARK, NY US",40.77898,-73.96925,42.7,2021-04-09,3.36,,,,0.01,,0.0,0.0,,59,49,,,,,,,,,,,
USW00094728,"NY CITY CENTRAL PARK, NY US",40.77898,-73.96925,42.7,2021-04-10,2.91,,,,0.01,,0.0,0.0,,70,51,,,1,,,,,,,,
USW00094728,"NY CITY CENTRAL PARK, NY US",40.77898,-73.96925,42.7,2021-04-11,7.16,,,,0.42,,0.0,0.0,,57,47,,,1,1,,,,,,,
USW00094728,"NY CITY CENTRAL PARK, NY US",40.77898,-73.96925,42.7,2021-04-12,7.61,,,,0.49,,0.0,0.0,,51,45,,,1,,,,,,,,
USW00094728,"NY CITY CENTRAL PARK, NY US",40.77898,-73.96925,42.7,2021-04-13,5.14,,,,0.06,,0.0,0.0,,65,44,,,1,,,,,,,,
USW00094728,"NY CITY CENTRAL PARK, NY US",40.77898,-73.96925,42.7,2021-04-14,2.91,,,,0.00,,0.0,0.0,,72,48,,,,,,,,,,,
USW00094728,"NY CITY CENTRAL PARK, NY US",40.77898,-73.96925,42.7,2021-04-15,4.92,,,,0.83,,0.0,0.0,,58,45,,,1,,,,,,1,,
USW00094728,"NY CITY CENTRAL PARK, NY US",40.77898,-73.96925,42.7,2021-04-16,6.71,,,,0.04,,0.0,0.0,,53,41,,,1,,,,,,,,
USW00094728,"NY CITY CENTRAL PARK, NY US",40.77898,-73.96925,42.7,2021-04-17,5.14,,,,0.00,,0.0,0.0,,56,43,,,,,,,,,,,
USW00094728,"NY CITY CENTRAL PARK, NY US",40.77898,-73.96925,42.7,2021-04-18,3.58,,,,0.00,,0.0,0.0,,64,49,,,,,,,,,,,
USW00094728,"NY CITY CENTRAL PARK, NY US",40.77898,-73.96925,42.7,2021-04-19,2.91,,,,0.00,,0.0,0.0,,65,52,,,,,,,,,,,
USW00094728,"NY CITY CENTRAL PARK, NY US",40.77898,-73.96925,42.7,2021-04-20,4.25,,,,0.00,,0.0,0.0,,76,53,,,,,,,,,,,
USW00094728,"NY CITY CENTRAL PARK, NY US",40.77898,-73.96925,42.7,2021-04-21,7.38,,,,0.11,,0.0,0.0,,68,39,,,1,,1,,,,,,
USW00094728,"NY CITY CENTRAL PARK, NY US",40.77898,-73.96925,42.7,2021-04-22,11.86,,,,0.00,,0.0,0.0,,48,36,,,,,,,,,,,
USW00094728,"NY CITY CENTRAL PARK, NY US",40.77898,-73.96925,42.7,2021-04-23,7.38,,,,0.00,,0.0,0.0,,64,39,,,,,,,,,,,
USW00094728,"NY CITY CENTRAL PARK, NY US",40.77898,-73.96925,42.7,2021-04-24,4.03,,,,0.00,,0.0,0.0,,72,52,,,,,,,,,,,
USW00094728,"NY CITY CENTRAL PARK, NY US",40.77898,-73.96925,42.7,2021-04-25,5.37,,,,0.59,,0.0,0.0,,63,49,,,1,,,,,,,,
USW00094728,"NY CITY CENTRAL PARK, NY US",40.77898,-73.96925,42.7,2021-04-26,8.72,,,,0.00,,0.0,0.0,,60,41,,,,,,,,,,,
USW00094728,"NY CITY CENTRAL PARK, NY US",40.77898,-73.96925,42.7,2021-04-27,2.01,,,,0.00,,0.0,0.0,,64,46,,,,,,,,,,,
USW00094728,"NY CITY CENTRAL PARK, NY US",40.77898,-73.96925,42.7,2021-04-28,2.46,,,,0.05,,0.0,0.0,,85,52,,,,,,,,,,,
USW00094728,"NY CITY CENTRAL PARK, NY US",40.77898,-73.96925,42.7,2021-04-29,2.46,,,,0.02,,0.0,0.0,,75,59,,,1,,,,,,1,,
USW00094728,"NY CITY CENTRAL PARK, NY US",40.77898,-73.96925,42.7,2021-04-30,12.30,,,,0.03,,0.0,0.0,,71,46,,,,,,,,,,,
USW00094728,"NY CITY CENTRAL PARK, NY US",40.77898,-73.96925,42.7,2021-05-01,8.50,,,,0.00,,0.0,0.0,,65,42,,,,,,,,,,,
USW00094728,"NY CITY CENTRAL PARK, NY US",40.77898,-73.96925,42.7,2021-05-02,7.16,,,,0.00,,0.0,0.0,,82,56,,,,,,,,,,,
USW00094728,"NY CITY CENTRAL PARK, NY US",40.77898,-73.96925,42.7,2021-05-03,5.82,,,,0.58,,0.0,0.0,,66,52,,,1,,,,,,,,
USW00094728,"NY CITY CENTRAL PARK, NY US",40.77898,-73.96925,42.7,2021-05-04,4.92,,,,0.23,,0.0,0.0,,73,52,,,1,,,,,,,,
USW00094728,"NY CITY CENTRAL PARK, NY US",40.77898,-73.96925,42.7,2021-05-05,4.03,,,,0.31,,0.0,0.0,,62,52,,,1,,,,,,,,
USW00094728,"NY CITY CENTRAL PARK, NY US",40.77898,-73.96925,42.7,2021-05-06,5.82,,,,0.00,,0.0,0.0,,66,50,,,,,,,,,1,,
USW00094728,"NY CITY CENTRAL PARK, NY US",40.77898,-73.96925,42.7,2021-05-07,4.70,,,,0.00,,0.0,0.0,,66,49,,,,,,,,,,,
USW00094728,"NY CITY CENTRAL PARK, NY US",40.77898,-73.96925,42.7,2021-05-08,3.58,,,,0.05,,0.0,0.0,,55,48,,,1,,,,,,,,
USW00094728,"NY CITY CENTRAL PARK, NY US",40.77898,-73.96925,42.7,2021-05-09,4.47,,,,0.47,,0.0,0.0,,65,46,,,1,,,,,,,,
USW00094728,"NY CITY CENTRAL PARK, NY US",40.77898,-73.96925,42.7,2021-05-10,4.70,,,,0.03,,0.0,0.0,,60,47,,,1,,,,,,,,
USW00094728,"NY CITY CENTRAL PARK, NY US",40.77898,-73.96925,42.7,2021-05-11,6.71,,,,0.00,,0.0,0.0,,67,49,,,,,,,,,,,
USW00094728,"NY CITY CENTRAL PARK, NY US",40.77898,-73.96925,42.7,2021-05-12,6.26,,,,0.00,,0.0,0.0,,68,46,,,,,,,,,,,
USW00094728,"NY CITY CENTRAL PARK, NY US",40.77898,-73.96925,42.7,2021-05-13,3.80,,,,0.00,,0.0,0.0,,72,50,,,,,,,,,,,
USW00094728,"NY CITY CENTRAL PARK, NY US",40.77898,-73.96925,42.7,2021-05-14,4.47,,,,0.00,,0.0,0.0,,76,52,,,,,,,,,,,
USW00094728,"NY CITY CENTRAL PARK, NY US",40.77898,-73.96925,42.7,2021-05-15,3.13,,,,0.00,,0.0,0.0,,79,55,,,,,,,,,,,
USW00094728,"NY CITY CENTRAL PARK, NY US",40.77898,-73.96925,42.7,2021-05-16,2.01,,,,0.01,,0.0,0.0,,75,59,,,,,,,,,,,
USW00094728,"NY CITY CENTRAL PARK, NY US",40.77898,-73.96925,42.7,2021-05-17,3.58,,,,0.00,,0.0,0.0,,78,56,,,,,,,,,,,
USW00094728,"NY CITY CENTRAL PARK, NY US",40.77898,-73.96925,42.7,2021-05-18,4.92,,,,0.00,,0.0,0.0,,82,60,,,,,,,,,,,
USW00094728,"NY CITY CENTRAL PARK, NY US",40.77898,-73.96925,42.7,2021-05-19,4.92,,,,0.00,,0.0,0.0,,86,65,,,,,,,,,,,
USW00094728,"NY CITY CENTRAL PARK, NY US",40.77898,-73.96925,42.7,2021-05-20,2.46,,,,0.00,,0.0,0.0,,76,59,,,,,,,,,,,
USW00094728,"NY CITY CENTRAL PARK, NY US",40.77898,-73.96925,42.7,2021-05-21,1.57,,,,0.00,,0.0,0.0,,79,58,,,,,,,,,,,
USW00094728,"NY CITY CENTRAL PARK, NY US",40.77898,-73.96925,42.7,2021-05-22,3.36,,,,0.00,,0.0,0.0,,89,65,,,,,,,,,,,
USW00094728,"NY CITY CENTRAL PARK, NY US",40.77898,-73.96925,42.7,2021-05-23,7.16,,,,0.00,,0.0,0.0,,88,68,,,,,,,,,,,
USW00094728,"NY CITY CENTRAL PARK, NY US",40.77898,-73.96925,42.7,2021-05-24,5.82,,,,0.00,,0.0,0.0,,68,59,,,,,,,,,,,
USW00094728,"NY CITY CENTRAL PARK, NY US",40.77898,-73.96925,42.7,2021-05-25,4.47,,,,0.00,,0.0,0.0,,73,58,,,,,,,,,1,,
USW00094728,"NY CITY CENTRAL PARK, NY US",40.77898,-73.96925,42.7,2021-05-26,4.25,,,,0.07,,0.0,0.0,,86,65,,,1,,1,,,,1,,
USW00094728,"NY CITY CENTRAL PARK, NY US",40.77898,-73.96925,42.7,2021-05-27,4.92,,,,0.02,,0.0,0.0,,81,65,,,1,,,,,,,,
USW00094728,"NY CITY CENTRAL PARK, NY US",40.77898,-73.96925,42.7,2021-05-28,9.62,,,,1.22,,0.0,0.0,,69,49,,,1,,,,,,,,
USW00094728,"NY CITY CENTRAL PARK, NY US",40.77898,-73.96925,42.7,2021-05-29,11.86,,,,0.46,,0.0,0.0,,51,47,,,1,,,,,,,,
USW00094728,"NY CITY CENTRAL PARK, NY US",40.77898,-73.96925,42.7,2021-05-30,7.61,,,,0.89,,0.0,0.0,,51,47,,,1,,,,,,1,,
USW00094728,"NY CITY CENTRAL PARK, NY US",40.77898,-73.96925,42.7,2021-05-31,3.80,,,,0.02,,0.0,0.0,,70,49,,,1,,,,,,,,